"last_name, first_name","player_id","year","pitch_hand","arm_angle","n_ff_formatted","ff_avg_speed","ff_avg_spin","ff_avg_break_x","ff_avg_break_z","ff_avg_break_z_induced","ff_avg_break","ff_range_speed","n_sl_formatted","sl_avg_speed","sl_avg_spin","sl_avg_break_x","sl_avg_break_z","sl_avg_break_z_induced","sl_avg_break","sl_range_speed","n_ch_formatted","ch_avg_speed","ch_avg_spin","ch_avg_break_x","ch_avg_break_z","ch_avg_break_z_induced","ch_avg_break","ch_range_speed","n_cu_formatted","cu_avg_speed","cu_avg_spin","cu_avg_break_x","cu_avg_break_z","cu_avg_break_z_induced","cu_avg_break","cu_range_speed","n_si_formatted","si_avg_speed","si_avg_spin","si_avg_break_x","si_avg_break_z","si_avg_break_z_induced","si_avg_break","si_range_speed","n_fc_formatted","fc_avg_speed","fc_avg_spin","fc_avg_break_x","fc_avg_break_z","fc_avg_break_z_induced","fc_avg_break","fc_range_speed","n_fs_formatted","fs_avg_speed","fs_avg_spin","fs_avg_break_x","fs_avg_break_z","fs_avg_break_z_induced","fs_avg_break","fs_range_speed","n_kn_formatted","kn_avg_speed","kn_avg_spin","kn_avg_break_x","kn_avg_break_z","kn_avg_break_z_induced","kn_avg_break","kn_range_speed","n_st_formatted","st_avg_speed","st_avg_spin","st_avg_break_x","st_avg_break_z","st_avg_break_z_induced","st_avg_break","st_range_speed","n_sv_formatted","sv_avg_speed","sv_avg_spin","sv_avg_break_x","sv_avg_break_z","sv_avg_break_z_induced","sv_avg_break","sv_range_speed","n_fo_formatted","fo_avg_speed","fo_avg_spin","fo_avg_break_x","fo_avg_break_z","fo_avg_break_z_induced","fo_avg_break","fo_range_speed","n_sc_formatted","sc_avg_speed","sc_avg_spin","sc_avg_break_x","sc_avg_break_z","sc_avg_break_z_induced","sc_avg_break","sc_range_speed","n_fastball_formatted","fastball_avg_speed","fastball_avg_spin","fastball_avg_break_x","fastball_avg_break_z","fastball_avg_break_z_induced","fastball_avg_break","fastball_range_speed","n_breaking_formatted","breaking_avg_speed","breaking_avg_spin","breaking_avg_break_x","breaking_avg_break_z","breaking_avg_break_z_induced","breaking_avg_break","breaking_range_speed","n_offspeed_formatted","offspeed_avg_speed","offspeed_avg_spin","offspeed_avg_break_x","offspeed_avg_break_z","offspeed_avg_break_z_induced","offspeed_avg_break","offspeed_range_speed"
"Sasaki, Roki",808963,2025,"R",44.1,"50.2","96","2080","-10.5","-15.5","14.3","17.9","1.6","16.9","82","1869","11.7","-43.1","-2.3","12.5","1.6",,,,,,,,,,,,,,,,,,,,,,,,,,,,,,,,,"32.9","84.8","482","-0.8","-42.2","-3.9","6.1","1.5",,,,,,,,,,,,,,,,,,,,,,,,,,,,,,,,,,,,,,,,,"50.2","96","2080","-10.5","-15.5","14.3","17.9","1.6","16.9","82","1869","11.7","-43.1","-2.3","12.5","1.6","32.9","84.8","482","-0.8","-42.2","-3.9","6.1","1.5"
"Dobbins, Hunter",690928,2025,"R",49.2,"45.5","95.4","2369","-1.9","-14.2","15.8","16.1","1.5","19.4","86.4","2577","6.7","-36.2","0.3","6.9","1.7",,,,,,,,,"12.7","77.9","2447","6.4","-56.6","-11.4","13.2","1.3",,,,,,,,,,,,,,,,,"11.8","90.7","1446","-12.5","-28.6","4.7","13.7","1.5",,,,,,,,,"10.6","80.4","2492","13.3","-42.4","0.1","13.6","1.5",,,,,,,,,,,,,,,,,,,,,,,,,"45.5","95.4","2369","-1.9","-14.2","15.8","16.1","1.5","42.7","82.4","2517","8.2","-43.8","-3.2","10.4","4.1","11.8","90.7","1446","-12.5","-28.6","4.7","13.7","1.5"
"Martin, Davis",663436,2025,"R",40.4,"29.3","93.5","2399","-4.9","-16.1","15.4","16.4","1.7","15.1","83.9","2711","9","-37","2","9.6","1.8","24.1","90","2010","-13.4","-32.8","1.2","13.8","1.5","2.4","77.7","2726","15","-54.8","-9.1","17.7","1.5","7.5","92.3","2362","-15.3","-22.5","9.9","18.3","1.7","21.6","89","2590","1.1","-28.6","6.1","6.9","1.5",,,,,,,,,,,,,,,,,,,,,,,,,,,,,,,,,,,,,,,,,,,,,,,,,"58.4","91.7","2465","-4","-21.5","11.2","13.1","2.8","17.5","83.1","2713","9.9","-39.5","0.5","10.7","2.7","24.1","90","2010","-13.4","-32.8","1.2","13.8","1.5"
"Wacha, Michael",608379,2025,"R",51,"32.9","93.2","2166","-6.4","-13.2","18.4","19.6","1.4","10.2","85.2","1993","4.1","-33.8","3.7","6.1","1.4","25.3","80.6","1571","-11.7","-32.7","9.5","15.9","1.3","7.4","75.6","2357","13.7","-61.3","-12.7","18.8","1.3","9.8","93.6","2067","-13","-15.7","15.7","20.5","1.4","14.4","87.9","2121","2.8","-26.2","9","9.7","1.4",,,,,,,,,,,,,,,,,,,,,,,,,,,,,,,,,,,,,,,,,,,,,,,,,"57.1","91.9","2138","-5.2","-16.9","15.6","17.2","2.9","17.6","81.2","2146","8.1","-45.4","-3.2","11.4","4.7","25.3","80.6","1571","-11.7","-32.7","9.5","15.9","1.3"
"Littell, Zack",641793,2025,"R",40,"20.7","92.1","2004","-6.8","-16.4","15.9","17.4","1.2","34.9","87.5","2183","2","-28.3","7.3","7.9","1.3",,,,,,,,,,,,,,,,,"14.3","91.3","2029","-13.7","-19.7","13.1","19","1.3",,,,,,,,,"24.6","83.3","1000","-10.8","-40.8","-1.1","11.6","1.3",,,,,,,,,"5.6","79.9","2174","11.8","-46.8","-3.8","12.8","1.3",,,,,,,,,,,,,,,,,,,,,,,,,"35","91.8","2014","-9.6","-17.7","14.7","18.1","1.3","40.4","86.4","2181","3.4","-30.9","5.8","8.6","3","24.6","83.3","1000","-10.8","-40.8","-1.1","11.6","1.3"
"Mlodzinski, Carmen",669387,2025,"R",25.8,"36","95.4","2100","-9.3","-18.9","11.3","14.8","1.1","23","88","2472","3","-32.7","2.5","4.4","1.5","9.2","87.2","1678","-8.9","-35.9","0.1","9.5","1.2",,,,,,,,,"12.3","94.7","2076","-17.5","-25.7","4.9","18.3","1.2","1","94.4","2236","-3","-21.7","8.9","9.7","1.6",,,,,,,,,,,,,,,,,"18.4","83.6","2537","9.4","-34.4","4.9","11.2","1.2",,,,,,,,,,,,,,,,,,,,,,,,,"49.3","95.2","2096","-11.2","-20.6","9.7","15.6","1.2","41.4","86.1","2501","5.8","-33.5","3.5","7.4","2.7","9.2","87.2","1678","-8.9","-35.9","0.1","9.5","1.2"
"Meyer, Max",676974,2025,"R",36.4,"20.9","94.9","2515","-9.3","-15.1","15.4","18.2","1.3","36.9","89.8","2631","2.3","-35.6","-1.4","3.4","1.6","16.7","88.9","1768","-15.8","-33.3","1.5","16","1.4",,,,,,,,,"13.3","94","2494","-14.9","-25.3","5.7","16.1","1.3",,,,,,,,,,,,,,,,,,,,,,,,,"12.2","86.7","2458","10.7","-40.4","-3.8","11.6","1.5",,,,,,,,,,,,,,,,,,,,,,,,,"34.2","94.6","2507","-11.5","-19","11.6","17.4","1.4","49.1","89","2588","4.3","-36.7","-2","5.4","2.1","16.7","88.9","1768","-15.8","-33.3","1.5","16","1.4"
"Schmidt, Clarke",657376,2025,"R",35.1,"1.9","94.7","2552","-7.1","-15.8","14.6","16.3","1.5",,,,,,,,,,,,,,,,,"21.9","85","3095","9.9","-51.8","-13.8","17.1","1.5","9.5","93.2","2554","-11.7","-27.3","4.1","12.7","1.4","40.2","92.4","2680","0.4","-22.1","9.7","9.9","1.6",,,,,,,,,,,,,,,,,"26.4","84.1","3060","13.5","-37.9","1","14.3","1.7",,,,,,,,,,,,,,,,,,,,,,,,,"51.7","92.7","2652","-2.1","-22.9","8.8","10.7","1.7","48.3","84.6","3076","11.9","-44.2","-5.7","15.6","1.7",,,,,,,,
"Greene, Hunter",668881,2025,"R",30.2,"58.6","99.2","2432","-9.3","-11.7","16.2","18.8","1","32.4","88.4","2436","5.6","-30.9","4","7.4","1.6",,,,,,,,,"0.3","84","2448","9.5","-39","-0.5","9.6","1.4",,,,,,,,,,,,,,,,,"8.7","88.1","1281","-9.5","-32.7","2.4","10.3","1.4",,,,,,,,,,,,,,,,,,,,,,,,,,,,,,,,,,,,,,,,,"58.6","99.2","2432","-9.3","-11.7","16.2","18.8","1","32.7","88.4","2436","5.6","-31","3.9","7.4","1.6","8.7","88.1","1281","-9.5","-32.7","2.4","10.3","1.4"
"Woods Richardson, Simeon",680573,2025,"R",47.4,"47.7","93.1","2251","-5.6","-12.6","19.2","20.1","1.4","26.6","85.6","2306","5.4","-30.4","6.9","9.3","1.5","12.4","83.3","2246","-15","-28.5","11.2","19.1","1.5","13.3","77.5","2613","5.9","-61","-15","16.3","1.5",,,,,,,,,,,,,,,,,,,,,,,,,,,,,,,,,,,,,,,,,,,,,,,,,,,,,,,,,,,,,,,,,"47.7","93.1","2251","-5.6","-12.6","19.2","20.1","1.4","39.9","82.9","2408","5.5","-40.6","-0.4","11.6","4.3","12.4","83.3","2246","-15","-28.5","11.2","19.1","1.5"
"Imanaga, Shota",684007,2025,"L",36.9,"49.1","91.2","2495","12","-14.3","19.1","22.6","1.2","0.6","80.8","2571","-2.1","-35","7.3","8","1.5","1.4","82","1285","12","-31.1","9.5","15.4","1.4","3","72.4","2484","-9.7","-66","-13","16.4","1.6","0.4","88.6","1888","15.3","-25.3","9.9","18.3","1.4",,,,,,,,,"34.2","82.8","1247","13.5","-33.5","6.6","15.3","1.2",,,,,,,,,"11.1","80.4","2540","-11.8","-40","2.8","12.5","1.4",,,,,,,,,,,,,,,,,,,,,,,,,"49.6","91.1","2490","12","-14.4","19","22.6","1.3","14.7","78.7","2530","-11","-45.1","-0.2","13.1","3.3","35.7","82.8","1248","13.5","-33.4","6.7","15.3","1.2"
"Francis, Bowden",670102,2025,"R",39.8,"56","92.3","2233","-7.2","-13.8","18.7","20.1","1.4","4.2","81.8","2381","5.5","-41.4","-0.4","6.6","1.4",,,,,,,,,"14.6","73.2","2167","16","-58.9","-7.2","17.7","1.3","1.6","91.6","2266","-11.9","-15.3","17.8","21.4","1.4",,,,,,,,,"23.6","81.9","1069","-10","-34.6","6.3","12.3","1.4",,,,,,,,,,,,,,,,,,,,,,,,,,,,,,,,,,,,,,,,,"57.7","92.3","2234","-7.4","-13.8","18.6","20.2","1.4","18.7","75.1","2214","13.7","-55","-5.7","15.2","3.6","23.6","81.9","1069","-10","-34.6","6.3","12.3","1.4"
"Megill, Tylor",656731,2025,"R",35.7,"43.1","95.4","2308","-7.2","-12.8","17.6","19.2","1.2","23.2","83.9","2531","4.5","-46.6","-7.5","9","1.4","6.6","88.3","1502","-17.2","-31.5","3.9","17.9","1.6","4.4","80.7","2541","11.1","-57.5","-14.7","18.5","1.5","22.7","94.2","2193","-16.2","-22.9","8.3","18.4","1.3",,,,,,,,,,,,,,,,,,,,,,,,,,,,,,,,,,,,,,,,,,,,,,,,,,,,,,,,,"65.8","95","2268","-10.3","-16.3","14.4","18.9","1.4","27.5","83.3","2533","5.6","-48.4","-8.7","10.5","1.9","6.6","88.3","1502","-17.2","-31.5","3.9","17.9","1.6"
"Parker, Mitchell",680730,2025,"L",60.6,"52.8","92.6","2167","5","-13.5","18.5","19.3","1.2","10.2","85.2","2253","-4.2","-34.8","2.6","5.8","1.3",,,,,,,,,"17.1","81.3","2264","0.4","-48.6","-7.5","7.7","1.3",,,,,,,,,,,,,,,,,"19.9","84.9","941","6.8","-28.7","9.3","12.5","1.1",,,,,,,,,,,,,,,,,,,,,,,,,,,,,,,,,,,,,,,,,"52.8","92.6","2167","5","-13.5","18.5","19.3","1.2","27.3","82.8","2260","-1.3","-43.5","-3.7","7","2.3","19.9","84.9","941","6.8","-28.7","9.3","12.5","1.1"
"Eovaldi, Nathan",543135,2025,"R",30.1,"28.9","93.9","2209","-14.3","-19.5","11.8","18.8","1.4","1.2","85.4","2112","6.5","-34.1","3.5","7.7","1.6",,,,,,,,,"21.7","75.8","1970","9.7","-56.3","-8.4","13","1.4",,,,,,,,,"19","90.7","2321","-0.5","-21.4","12.1","12.3","1.6","29.2","87.1","1491","-11.4","-36.7","-0.7","11.6","1.6",,,,,,,,,,,,,,,,,,,,,,,,,,,,,,,,,,,,,,,,,"47.8","92.6","2254","-8.9","-20.2","11.9","16.2","2.3","22.9","76.3","1978","9.6","-55.1","-7.8","12.7","2.6","29.2","87.1","1491","-11.4","-36.7","-0.7","11.6","1.6"
"Pallante, Andre",669467,2025,"R",58.6,"49.7","93.8","2282","-0.7","-20.8","10.2","10.5","1.5","24.8","87.1","2397","4.9","-37.2","-1.3","5.8","1.8",,,,,,,,,"10.1","77.8","2800","3.9","-62.7","-17","17.6","1.8","15.4","94.6","2184","-10.8","-16.8","13.9","17.8","1.4",,,,,,,,,,,,,,,,,,,,,,,,,,,,,,,,,,,,,,,,,,,,,,,,,,,,,,,,,"65.1","94","2259","-3.1","-19.9","11.1","12.2","1.5","34.9","84.4","2514","4.6","-44.6","-5.8","9.2","4.7",,,,,,,,
"deGrom, Jacob",594798,2025,"R",29.9,"45.9","96.9","2502","-8.9","-12.8","16.5","18.9","1","38.6","89.2","2710","5.3","-32.7","1.5","5.9","1.4","9.9","89.2","1672","-14","-31.3","3.3","14.7","1.4","5.6","80","2747","10.4","-47.6","-4.7","11.6","2.1",,,,,,,,,,,,,,,,,,,,,,,,,,,,,,,,,,,,,,,,,,,,,,,,,,,,,,,,,,,,,,,,,"45.9","96.9","2502","-8.9","-12.8","16.5","18.9","1","44.2","88.1","2715","5.9","-34.6","0.8","6.6","3.6","9.9","89.2","1672","-14","-31.3","3.3","14.7","1.4"
"Hendricks, Kyle",543294,2025,"R",44.1,"14.6","86.4","2041","-5","-22","14.7","15.7","1.2",,,,,,,,,"35.7","79.1","2102","-9.6","-34.9","8.9","14.3","1","14.5","71.8","2843","15.5","-65.5","-11.6","19.6","1.3","35.2","86","1981","-14.1","-29.6","7.4","16","1",,,,,,,,,,,,,,,,,,,,,,,,,,,,,,,,,,,,,,,,,,,,,,,,,,,,,,,,,"49.9","86.2","1998","-11.4","-27.3","9.6","15.9","1","14.5","71.8","2843","15.5","-65.5","-11.6","19.6","1.3","35.7","79.1","2102","-9.6","-34.9","8.9","14.3","1"
"Gray, Sonny",543243,2025,"R",47.3,"18.9","91.7","2514","1.3","-21.3","11.1","11.4","1","0.9","83.9","2590","4.8","-36.6","2.2","5.7","1.5","7.9","86.6","1875","-13.8","-31.1","5.6","15.2","1.5","16.5","80","2657","13.6","-58.1","-14.5","20.1","1.3","22","92","2388","-9.8","-23.6","8.8","13.5","1.2","11.6","88.2","2670","4.5","-31.3","3.9","6.6","1.5",,,,,,,,,,,,,,,,,"22.2","84.8","2720","16.3","-42.5","-4.1","17","1.2",,,,,,,,,,,,,,,,,,,,,,,,,"52.5","91.1","2496","-2.7","-24.5","8.6","11.2","2","39.6","82.8","2691","14.9","-48.9","-8.3","18","2.8","7.9","86.6","1875","-13.8","-31.1","5.6","15.2","1.5"
"Alcantara, Sandy",645261,2025,"R",31.1,"25.4","97.4","2296","-15.3","-16.3","12.9","20.1","1.5","13.7","88.8","2423","-0.2","-30.8","4","4.5","1.7","24.3","90.2","2059","-18.1","-29","4.9","18.9","1.6","13.5","85.7","2432","2.1","-38.6","-1.4","3.4","1.7","23.1","96.9","2333","-18.6","-21.4","7.9","20.3","1.4",,,,,,,,,,,,,,,,,,,,,,,,,,,,,,,,,,,,,,,,,,,,,,,,,,,,,,,,,"48.5","97.2","2313","-16.9","-18.7","10.5","20.2","1.5","27.2","87.3","2428","1","-34.7","1.3","4","2.3","24.3","90.2","2059","-18.1","-29","4.9","18.9","1.6"
"Falter, Bailey",663559,2025,"L",54.5,"41.3","91.8","2081","3.2","-13.7","19","19.3","1.3","20.7","85.1","2012","-4.5","-31.1","6.7","8.5","1.6",,,,,,,,,"15.2","77.3","1840","-3.6","-48.7","-2.8","4.9","1.9","19.4","91.7","2050","7.6","-14.4","18.3","19.9","1.3",,,,,,,,,"3.5","85.7","1100","2.9","-24.2","13.2","13.8","1.6",,,,,,,,,,,,,,,,,,,,,,,,,,,,,,,,,,,,,,,,,"60.6","91.8","2071","4.6","-13.9","18.8","19.5","1.3","35.9","81.8","1940","-4.1","-38.5","2.7","7","4.4","3.5","85.7","1100","2.9","-24.2","13.2","13.8","1.6"
"Schwellenbach, Spencer",680885,2025,"R",35.3,"31.1","96.7","2303","-5.6","-14.3","15","16.1","1.3","20.7","87","2366","2.5","-38.8","-2.8","4.1","1.4",,,,,,,,,"12.9","81.3","2291","8.1","-48.7","-7.2","10.9","1.7","8.8","95.4","2171","-15.3","-22.5","7.8","17.3","1.5","11.9","93.9","2293","0.7","-19.8","11.1","11.2","1.5","14.7","84.7","1253","-8.4","-37.1","0.9","9","1.2",,,,,,,,,,,,,,,,,,,,,,,,,,,,,,,,,,,,,,,,,"51.8","95.8","2278","-5.8","-16.9","12.9","15.2","1.8","33.5","84.8","2337","4.7","-42.6","-4.5","6.7","3.3","14.7","84.7","1253","-8.4","-37.1","0.9","9","1.2"
"Wheeler, Zack",554430,2025,"R",25.1,"41.9","95.5","2443","-9.2","-14.9","15.2","17.9","1.2",,,,,,,,,,,,,,,,,"9.9","80.8","2751","11.9","-52.5","-10.4","15.9","1.2","12.5","94.5","2260","-17.1","-22.6","8.3","19.1","1.3","11.4","91.7","2523","0.9","-22.3","10","10.4","1.3","11.7","86.8","1553","-13.3","-29.3","7.1","15.2","1.4",,,,,,,,,"12.7","83.9","2584","11.7","-34.7","4.3","12.9","1.2",,,,,,,,,,,,,,,,,,,,,,,,,"65.7","94.7","2422","-8.9","-17.6","13","16.8","2","22.6","82.6","2657","11.8","-42.5","-2.2","14.2","2","11.7","86.8","1553","-13.3","-29.3","7.1","15.2","1.4"
"Hicks, Jordan",663855,2025,"R",33.7,"8","97","2128","-9.7","-15.9","13.3","16.5","1.6",,,,,,,,,,,,,,,,,,,,,,,,,"53.7","97.2","1941","-16.3","-22.2","6.9","17.8","2.1",,,,,,,,,"6.3","88.9","884","-9.4","-34.1","0.6","10.5","1.8",,,,,,,,,"32.1","82.2","2305","10.6","-38.4","2.2","11.2","2",,,,,,,,,,,,,,,,,,,,,,,,,"61.7","97.2","1965","-15.4","-21.4","7.7","17.7","2","32.1","82.2","2305","10.6","-38.4","2.2","11.2","2","6.3","88.9","884","-9.4","-34.1","0.6","10.5","1.8"
"Elder, Bryce",693821,2025,"R",51.7,"12","92","2202","-3.4","-17.4","14.8","15.3","1.3","39.6","84.4","2462","2","-37.8","0.7","2.8","1.2","10","86.4","1998","-12.8","-32.2","4.5","13.9","1.1",,,,,,,,,"38.4","91.3","2075","-14.4","-24.5","8.4","16.8","1.1",,,,,,,,,,,,,,,,,,,,,,,,,,,,,,,,,,,,,,,,,,,,,,,,,,,,,,,,,"50.4","91.5","2106","-11.8","-22.8","9.9","16.5","1.2","39.6","84.4","2462","2","-37.8","0.7","2.8","1.2","10","86.4","1998","-12.8","-32.2","4.5","13.9","1.1"
"Smith-Shawver, AJ",700363,2025,"R",44.9,"44","95","2111","-8.9","-14","16.4","18.8","1.6","5.7","86.9","2169","1.4","-27.6","8.6","9.1","1.5",,,,,,,,,"15.6","77.2","2296","8.5","-57","-10.8","13.9","1.5",,,,,,,,,,,,,,,,,"34.7","83","1057","-10","-32.3","7.6","14.3","2.2",,,,,,,,,,,,,,,,,,,,,,,,,,,,,,,,,,,,,,,,,"44","95","2111","-8.9","-14","16.4","18.8","1.6","21.4","79.8","2262","6.6","-49.1","-5.6","12.6","4.2","34.7","83","1057","-10","-32.3","7.6","14.3","2.2"
"Gore, MacKenzie",669022,2025,"L",46.4,"48.8","95.5","2264","5.9","-12.8","17.4","18.4","1","11.9","86.3","2129","-2.4","-35.6","1.5","3.8","1.3","10","86","2052","13","-29","8.1","15.5","1.1","23.4","81.9","2367","-3.8","-53.9","-12.9","13.7","1.5",,,,,,,,,"5.9","90.1","1992","-0.8","-25.7","7.9","8","1.2",,,,,,,,,,,,,,,,,,,,,,,,,,,,,,,,,,,,,,,,,,,,,,,,,"54.8","94.9","2234","5.1","-14.2","16.3","17.3","2.1","35.3","83.4","2287","-3.3","-47.7","-8.1","10.4","2.7","10","86","2052","13","-29","8.1","15.5","1.1"
"Skubal, Tarik",669373,2025,"L",50.6,"30","97.6","2320","4.1","-11.1","17.7","18.3","1.5","13.3","89.9","2194","-3.4","-27.9","5.8","7","1.6","32.4","88.4","1834","15.9","-28.3","7","17.5","1.9","1.8","80.5","2416","-5.7","-48","-5.7","8.4","1.7","22.6","97.5","2215","13.5","-14.6","14.3","19.8","1.2",,,,,,,,,,,,,,,,,,,,,,,,,,,,,,,,,,,,,,,,,,,,,,,,,,,,,,,,,"52.6","97.6","2275","8.1","-12.6","16.3","18.9","1.4","15.1","88.8","2220","-3.6","-30.3","4.5","7.2","3.3","32.4","88.4","1834","15.9","-28.3","7","17.5","1.9"
"Gusto, Ryan",687473,2025,"R",46.9,"51.7","93.7","2438","-6.2","-12.6","18.9","20","1.4",,,,,,,,,"10.1","87.7","1880","-15.8","-26.5","9.6","18.6","1.5","10.9","79.6","2468","7.9","-58.7","-14.6","16.7","1.5","3.5","93.7","2270","-16.1","-20.2","11.3","19.7","1.3","12.2","88.4","2393","5","-29.4","5.7","8","1.5",,,,,,,,,,,,,,,,,"11.6","81.6","2228","12.7","-38.7","2.9","13.2","1.6",,,,,,,,,,,,,,,,,,,,,,,,,"67.4","92.8","2421","-4.7","-16.1","16.2","17.8","2.6","22.5","80.6","2344","10.4","-48.3","-5.5","14.9","1.8","10.1","87.7","1880","-15.8","-26.5","9.6","18.6","1.5"
"Soriano, José",667755,2025,"R",39.1,"7.8","97.5","2181","-8","-15.3","13.6","15.9","1.2","8.3","88.4","2406","2","-36","-1","3.5","1.9",,,,,,,,,"25.4","84.9","2494","12.2","-48.3","-10.1","15.9","1.2","48.6","96.7","1909","-13","-25.3","3.9","13.7","1.2",,,,,,,,,"9.9","91.8","1459","-10.3","-32.4","-0.1","10.6","1.4",,,,,,,,,,,,,,,,,,,,,,,,,,,,,,,,,,,,,,,,,"56.4","96.8","1946","-12.3","-23.9","5.2","14","1.2","33.7","85.7","2472","9.7","-45.3","-7.8","12.9","2.2","9.9","91.8","1459","-10.3","-32.4","-0.1","10.6","1.4"
"Kelly, Merrill",518876,2025,"R",24.4,"28.3","91.7","2356","-9.2","-17.5","15.3","18","1.4","8.8","85.8","2339","2.3","-33.5","3.5","4.5","1.3","22.9","88.1","2157","-16","-35.2","0.2","16.1","1.3","11.3","81.6","2610","8.1","-51.2","-10","13","1.7","12.6","92.2","2215","-16.7","-26.1","6.3","18","1.3","16.1","90.3","2348","-2.5","-21.2","12.3","12.7","1.3",,,,,,,,,,,,,,,,,,,,,,,,,,,,,,,,,,,,,,,,,,,,,,,,,"57","91.4","2322","-9","-20.4","12.5","16.5","1.6","20.1","83.5","2492","5.6","-43.5","-4.1","9.3","2.6","22.9","88.1","2157","-16","-35.2","0.2","16.1","1.3"
"Skenes, Paul",694973,2025,"R",21.1,"34.6","98","2248","-14.8","-17.3","11.3","18.7","1.1","7","84.8","2318","3.7","-30.7","7.5","8.9","1.2","7.4","87.7","1865","-17.6","-31.5","4.3","18.2","1.3","5.5","83.1","2457","6.7","-42.3","-2.8","7.4","1.5","7.1","97.2","2297","-18.2","-23.4","5.7","19.2","1.2",,,,,,,,,"24.3","93.7","1733","-13.9","-31.1","0.1","14.4","1.2",,,,,,,,,"14","84.3","2329","11.6","-32.9","5.8","13.2","1.3",,,,,,,,,,,,,,,,,,,,,,,,,"41.7","97.9","2257","-15.4","-18.4","10.3","18.8","1.1","26.6","84.2","2353","8.5","-34.3","4.5","10.9","1.4","31.7","92.3","1764","-14.8","-31.2","1.1","15.3","2.9"
"Lorenzen, Michael",547179,2025,"R",44.4,"27.8","94.4","2334","-10.9","-15","15.8","19.3","1.3","9.1","85","2565","4","-38.2","-0.2","5.2","1.7","18","83.9","1951","-15.7","-30","9","18.2","1.4","14.1","82.4","2534","2","-52.8","-12.6","12.9","1.5","12.3","93.8","2193","-16.3","-21.3","9.8","19.1","1.4","11.5","90.9","2512","-1.2","-23.8","9.3","9.8","1.4",,,,,,,,,,,,,,,,,"7.2","83.2","2503","12.5","-41.8","-2","13","1.4",,,,,,,,,,,,,,,,,,,,,,,,,"51.6","93.5","2340","-10","-18.4","12.9","17.1","2","30.4","83.4","2536","5.1","-45.8","-6.4","10.6","1.9","18","83.9","1951","-15.7","-30","9","18.2","1.4"
"Cabrera, Edward",665795,2025,"R",36.3,"8.6","96.5","2285","-11.4","-15.3","14.4","18.4","1.5","15.1","88.7","2478","-0.2","-31.5","3.4","4","1.8","27","93.3","1701","-18","-26.9","4.8","18.7","1.9","23.2","83","2602","10.7","-50.2","-10.1","15.1","1.9","26.1","96.1","2244","-17.4","-19.8","10","20.2","1.7",,,,,,,,,,,,,,,,,,,,,,,,,,,,,,,,,,,,,,,,,,,,,,,,,,,,,,,,,"34.7","96.2","2255","-15.9","-18.7","11.1","19.8","1.7","38.3","85.3","2553","6.4","-42.8","-4.8","10.7","3.4","27","93.3","1701","-18","-26.9","4.8","18.7","1.9"
"Walker, Taijuan",592836,2025,"R",40.4,"11","92.4","2182","-9.4","-14.2","18.1","20.4","1.3","14","84.2","2505","6.2","-34.6","3.9","7.8","1.4",,,,,,,,,"6.4","75.1","2460","8.1","-59.9","-11.1","13.9","1.5","17.7","92.3","2025","-15.2","-19.3","12.9","20","1.3","26.4","87","2447","3","-22.8","13","13.5","1.5","24.4","87.6","1486","-13.7","-30.9","4.8","14.8","1.2",,,,,,,,,,,,,,,,,,,,,,,,,,,,,,,,,,,,,,,,,"55.2","89.8","2258","-5.3","-20","14","17","3.1","20.4","81.4","2491","6.8","-42.5","-0.8","9.7","4.2","24.4","87.6","1486","-13.7","-30.9","4.8","14.8","1.2"
"Wesneski, Hayden",669713,2025,"R",46.3,"35.8","93.8","2258","-6.3","-17.4","13.8","15.3","1.9",,,,,,,,,"8.5","86.3","1710","-14.4","-32.4","4.6","15.4","1.8","9.3","77.1","2679","10.6","-58.6","-12","16.2","2","10.4","92.5","2167","-13.2","-22.9","9.2","16.2","1.7","11.4","88.3","2492","4.7","-30.3","4.8","7.1","1.4",,,,,,,,,,,,,,,,,"24.6","83.3","2740","17.6","-39.5","0.4","17.8","2.1",,,,,,,,,,,,,,,,,,,,,,,,,"57.7","92.5","2288","-5.4","-20.9","11.2","13.9","2.9","33.9","81.6","2724","15.7","-44.7","-3","17.3","3.5","8.5","86.3","1710","-14.4","-32.4","4.6","15.4","1.8"
"Valdez, Framber",664285,2025,"L",41.7,"1.2","93.6","2244","8.2","-20.7","10.6","13.6","1.6","4.5","84.3","2546","-4","-41.2","-2.7","5.7","1.5","16.4","89.2","1682","14.4","-34.7","0","14.6","1.9","30.9","79.1","2953","-13.4","-59.2","-14.8","20","1.7","46.9","93.9","2185","16.5","-24.7","6.6","17.9","1.8",,,,,,,,,,,,,,,,,,,,,,,,,,,,,,,,,,,,,,,,,,,,,,,,,,,,,,,,,"48.1","93.9","2187","16.3","-24.6","6.7","17.8","1.9","35.4","79.8","2902","-12.2","-56.9","-13.3","18.2","2.5","16.4","89.2","1682","14.4","-34.7","0","14.6","1.9"
"Pepiot, Ryan",686752,2025,"R",42.9,"42.4","94.9","2395","-7.6","-10.8","19.6","21.1","1.2","21.2","88.9","2582","6.7","-25.4","8.8","11.4","1.5","26","85.9","2506","-14.4","-35.4","1.6","14.7","1.2","3.5","80.9","2898","15.1","-52.9","-10.8","18.7","1.4",,,,,,,,,"6.9","92.2","2475","1.2","-16.7","15.2","15.4","1.4",,,,,,,,,,,,,,,,,,,,,,,,,,,,,,,,,,,,,,,,,,,,,,,,,"49.3","94.5","2406","-6.4","-11.6","19","20.3","1.6","24.7","87.8","2626","7.8","-29.3","6","12.5","3.2","26","85.9","2506","-14.4","-35.4","1.6","14.7","1.2"
"Rodriguez, Eduardo",593958,2025,"L",40.3,"44.4","91.9","2298","5.4","-16.6","15.8","16.9","1.3","10.2","84.9","2155","-4.2","-33.7","4.4","6.9","1.4","20.7","86.5","1968","16.3","-30.8","5.9","17.5","1.3",,,,,,,,,"10.3","91.7","2231","13.1","-20.2","12.4","18.1","1.2","14.4","89.1","2254","-1","-24","10.4","10.6","1.4",,,,,,,,,,,,,,,,,,,,,,,,,,,,,,,,,,,,,,,,,,,,,,,,,"69.1","91.3","2279","5.2","-18.7","14.2","15.7","1.8","10.2","84.9","2155","-4.2","-33.7","4.4","6.9","1.4","20.7","86.5","1968","16.3","-30.8","5.9","17.5","1.3"
"Williams, Gavin",668909,2025,"R",36.9,"50.8","97.1","2310","-10.7","-13.4","15.8","19.1","1.3",,,,,,,,,"0.2","87.6","1986","-5.4","-30.7","5","14.1","1.6","19.1","82.1","2510","9.7","-55.5","-14.5","17.5","1.7",,,,,,,,,"3","92.7","2272","-1.1","-23.6","8.2","8.4","1.5",,,,,,,,,,,,,,,,,"26.9","87.3","2303","9","-37.3","-1.3","9.5","1.7",,,,,,,,,,,,,,,,,,,,,,,,,"53.8","96.8","2308","-10.1","-14","15.3","18.5","1.7","46","85.1","2389","9.3","-44.8","-6.8","12.8","3.2","0.2","87.6","1986","-5.4","-30.7","5","14.1","1.6"
"Ray, Robbie",592662,2025,"L",46,"50.7","93.6","2373","7.8","-12.6","18.9","20.6","1.4","26.5","87.9","2289","0.4","-25.6","9.8","10.1","1.6","12.4","84.8","1660","10.7","-26.2","11.8","16.1","1.4","10.4","81.6","2158","-1.2","-45.5","-4.5","5","1.8",,,,,,,,,,,,,,,,,,,,,,,,,,,,,,,,,,,,,,,,,,,,,,,,,,,,,,,,,,,,,,,,,"50.7","93.6","2373","7.8","-12.6","18.9","20.6","1.4","36.9","86.1","2252","0","-31.2","5.8","8.6","3.4","12.4","84.8","1660","10.7","-26.2","11.8","16.1","1.4"
"King, Michael",650633,2025,"R",27.3,"26.1","93.7","2375","-7.2","-14.4","17.2","18.7","1.2","6.7","83.8","2494","4.5","-40.1","-0.8","5.2","1.5","20.8","86.8","2029","-19.9","-32","4.8","20.6","1.2",,,,,,,,,"27.3","92.5","2309","-19.1","-27.9","4.6","19.8","1.3",,,,,,,,,,,,,,,,,,,,,,,,,"19.1","82.3","2781","15","-37.7","3.2","15.6","1.7",,,,,,,,,,,,,,,,,,,,,,,,,"53.4","93.1","2341","-13.3","-21.3","10.8","19.3","1.4","25.8","82.7","2707","12.3","-38.3","2.2","12.9","1.8","20.8","86.8","2029","-19.9","-32","4.8","20.6","1.2"
"Newcomb, Sean",656794,2025,"L",32,"30.1","92.6","2317","9.4","-16","16.1","18.7","1.1",,,,,,,,,"8.3","84.9","1550","12.8","-33.8","4.3","14.1","1.2","6.8","78.6","2879","-13","-59.6","-14.5","19.5","1.3","15.9","91.6","2314","16.3","-27.9","4.9","17.1","1.3","21.7","89","2514","-0.4","-24.7","9.6","9.8","1.1",,,,,,,,,,,,,,,,,,,,,,,,,"17.2","81.3","2802","-17.1","-48.1","-6.3","18.3","1.2",,,,,,,,,,,,,,,,,"67.7","91.2","2379","7.9","-21.6","11.4","15.5","2","24","80.5","2824","-15.9","-51.4","-8.6","18.6","1.7","8.3","84.9","1550","12.8","-33.8","4.3","14.1","1.2"
"Spence, Mitch",687765,2025,"R",44.9,,,,,,,,,"22.1","84.4","2763","14.2","-39.2","-0.4","14.6","1.3",,,,,,,,,"16.2","81.7","2801","10.8","-52.9","-11.4","15.8","1.5","3.4","92.4","2335","-6.6","-24.6","7.5","10.8","1.6","58.3","91.7","2643","4","-27","5.4","7.1","1.5",,,,,,,,,,,,,,,,,,,,,,,,,,,,,,,,,,,,,,,,,,,,,,,,,"61.7","91.8","2626","3.4","-26.8","5.5","7.3","1.5","38.3","83.3","2779","12.8","-45","-5.1","15.1","2",,,,,,,,
"Webb, Logan",657277,2025,"R",23.6,"6.9","93","2115","-10","-20.3","11.3","15.1","1.1",,,,,,,,,"17.5","86.7","1526","-9.6","-42","-5.6","11.7","1.2",,,,,,,,,"38.8","92.8","1966","-16.8","-31.2","0.9","17","1.1","7.9","90.8","2187","-2.8","-25.5","7.8","8.6","1.2",,,,,,,,,,,,,,,,,"28.9","84.8","2495","14.5","-39.3","-1","14.7","1.3",,,,,,,,,,,,,,,,,,,,,,,,,"53.5","92.5","2017","-13.9","-28.9","3.2","15.5","1.3","28.9","84.8","2495","14.5","-39.3","-1","14.7","1.3","17.5","86.7","1526","-9.6","-42","-5.6","11.7","1.2"
"Miller, Bryce",682243,2025,"R",45.4,"39.7","94.4","2500","-5.9","-11.5","19.3","20.3","1.2","8.6","84.8","2537","3.1","-37.6","0.2","3.7","1.3",,,,,,,,,"11.9","83.3","2375","3.4","-51.2","-11.6","12.2","1.4","17.5","94.2","2473","-14.5","-17.7","13.3","19.8","1.2","1.5","92.9","2546","0.5","-15.6","16.1","16.6","1.7","14.7","83.2","1048","-10.3","-36.7","3","11.1","1.4",,,,,,,,,"6","82.8","2358","15.9","-47.5","-7.4","17.6","1.4",,,,,,,,,,,,,,,,,,,,,,,,,"58.8","94.3","2493","-8.3","-13.5","17.4","20","1.3","26.6","83.7","2424","6.1","-45.9","-6.8","10.7","1.6","14.7","83.2","1048","-10.3","-36.7","3","11.1","1.4"
"Warren, Will",701542,2025,"R",26.4,"35.7","93.1","2521","-9.2","-15.9","15.8","18.4","1.3",,,,,,,,,"15.2","87","1747","-15.5","-35.4","0.9","15.7","1.4","6.1","80.2","2899","13.6","-54","-11","17.6","1.6","17.6","92.9","2420","-17.5","-28","4.1","18","1.4",,,,,,,,,,,,,,,,,,,,,,,,,"25.4","82.5","3027","20.1","-40.7","0.1","20.3","1.5",,,,,,,,,,,,,,,,,,,,,,,,,"53.3","93.1","2488","-11.9","-19.9","11.9","18.3","1.4","31.6","82.1","3002","18.9","-43.3","-2.1","19.8","1.8","15.2","87","1747","-15.5","-35.4","0.9","15.7","1.4"
"Buehler, Walker",621111,2025,"R",41.5,"25.4","93.5","2351","-6.4","-13.7","17.8","19","1.2","0.8","87.3","2513","9.4","-32.5","3.3","10","1.5","10.8","89.7","1670","-16.5","-27.4","6.7","18.1","1.3","12.7","77.6","2525","11.6","-61.4","-15.2","19.2","1.3","15.5","93.1","2193","-16.1","-20.4","11.3","19.8","1.2","21.8","90","2482","4.7","-22.1","11.5","12.6","1.2",,,,,,,,,,,,,,,,,"13.1","80.4","2784","17.6","-41.6","1.2","17.9","1.3",,,,,,,,,,,,,,,,,,,,,,,,,"62.7","92.2","2357","-5","-18.3","14","17","2.1","26.5","79.3","2652","14.5","-50.8","-6.6","18.3","2.3","10.8","89.7","1670","-16.5","-27.4","6.7","18.1","1.3"
"Singer, Brady",663903,2025,"R",27.8,"10.2","91.8","2392","-7","-16.3","16.2","17.8","1.3","32.2","82.3","2415","5","-41.1","-0.8","5.6","1.6",,,,,,,,,,,,,,,,,"43.1","92.2","2346","-16.5","-20.7","11.7","20.4","1.1","12.2","88.1","2363","0.5","-25.6","9.6","9.8","1.5",,,,,,,,,,,,,,,,,"2.4","80.6","2409","10.3","-38.6","3.6","11.3","1.5",,,,,,,,,,,,,,,,,,,,,,,,,"65.4","91.4","2356","-11.9","-20.9","12","18","2.1","34.6","82.2","2414","5.4","-40.9","-0.5","6","1.6",,,,,,,,
"Lugo, Seth",607625,2025,"R",32,"22.9","92","2351","-6.8","-16.8","15.4","17","1.6","4.4","85.7","2592","5","-33.4","3.6","7.1","1.7","7.9","86.8","1751","-15.1","-31.9","4.3","15.9","1.6","21.5","77.2","3046","15.1","-58.2","-11.6","19.7","3.6","15.5","91.5","2403","-15.5","-24","8.6","17.8","1.4","10.8","89.2","2454","1.7","-22.9","11.2","11.5","1.7","3.8","85.7","1524","-12.5","-31.4","5.7","14.1","1.8",,,,,,,,,"2.7","78.9","2680","11.6","-44.9","-0.7","12.1","2.4","10.5","79.1","2951","16.3","-49.6","-5.6","17.4","2.1",,,,,,,,,,,,,,,,,"49.2","91.3","2390","-7.7","-20.4","12.3","16","2","39.1","78.8","2945","14","-52.2","-7.5","17.1","4.3","11.7","86.4","1677","-14.2","-31.8","4.8","15.3","1.8"
"Martinez, Nick",607259,2025,"R",58.8,"20.3","92.7","2333","-4.9","-13.7","18.3","19.1","1","14.8","84.5","2449","0.5","-37.7","0.5","2","1.2","21","79","2015","-11.7","-37.5","6.4","13.5","1.5","10.1","79.5","2544","1.7","-61.1","-17.3","17.4","1.2","15.8","92.3","2333","-13.1","-17.2","15.1","20.1","1.2","18","88.4","2373","3.1","-24.4","10.4","11","1.1",,,,,,,,,,,,,,,,,,,,,,,,,,,,,,,,,,,,,,,,,,,,,,,,,"54.1","91.2","2346","-4.6","-18.3","14.8","16.7","2.3","24.9","82.5","2487","0.9","-47.2","-6.7","8.3","2.7","21","79","2015","-11.7","-37.5","6.4","13.5","1.5"
"Keller, Mitch",656605,2025,"R",37.4,"34.4","93.8","2405","-9","-15.6","15.6","18.1","1.4","15.6","86.6","2507","5.3","-36.2","0.2","6","1.8","10.1","88.8","1978","-14.4","-33.6","1.2","14.6","1.4","8.5","77.7","2607","13","-60.2","-14.2","19.3","1.4","13.1","92.9","2433","-15","-23","9","17.6","1.3",,,,,,,,,,,,,,,,,,,,,,,,,"18.3","81.7","2692","18.8","-41.3","-0.1","19","1.5",,,,,,,,,,,,,,,,,,,,,,,,,"47.5","93.5","2413","-10.7","-17.6","13.8","18","1.5","42.4","82.7","2607","12.7","-43.2","-2.8","14.2","3.9","10.1","88.8","1978","-14.4","-33.6","1.2","14.6","1.4"
"Nola, Aaron",605400,2025,"R",19.2,"25.5","91.4","2302","-13.7","-18.2","14.7","20.2","1.2",,,,,,,,,"14.8","84.5","1598","-15.5","-35.4","2.9","15.8","1.2","28.6","78.1","2587","14.4","-55.2","-10","17.6","1.1","20.4","90.4","2202","-18.1","-24.7","8.9","20.3","1.4","10.7","86.3","2272","-1.2","-28.1","8.6","9","1.4",,,,,,,,,,,,,,,,,,,,,,,,,,,,,,,,,,,,,,,,,,,,,,,,,"56.5","90.1","2261","-12.9","-22.4","11.5","18.1","2.4","28.6","78.1","2587","14.4","-55.2","-10","17.6","1.1","14.8","84.5","1598","-15.5","-35.4","2.9","15.8","1.2"
"Gillispie, Connor",687362,2025,"R",42.2,"29.3","91.2","2339","-7.5","-13.4","19.7","21.3","1.1",,,,,,,,,"15.5","87.1","1962","-17.4","-30","6.3","18.7","1.1","1.1","78.3","2366","10.4","-56.4","-11.4","15.5","1.4",,,,,,,,,"24.6","86.7","2534","1.7","-28.3","8","8.4","1.3",,,,,,,,,,,,,,,,,"29.5","81.1","2547","14.8","-44.3","-2.4","15.3","1.4",,,,,,,,,,,,,,,,,,,,,,,,,"53.9","89.2","2428","-3.3","-20.2","14.4","15.4","2.6","30.6","81","2541","14.6","-44.7","-2.7","15.3","1.5","15.5","87.1","1962","-17.4","-30","6.3","18.7","1.1"
"Bido, Osvaldo",674370,2025,"R",35.2,"40.2","94.1","2406","-10.7","-15.4","15.8","19.2","1.4","22.2","85.5","2191","5.4","-32.9","4.5","7.5","1.7","12.7","88.3","2142","-16.2","-25.5","10","19.2","1.4",,,,,,,,,"13.6","94.7","2321","-16.1","-19.5","11.3","19.8","1.2","11.4","86.5","2191","-0.1","-30.7","6.1","6.4","1.3",,,,,,,,,,,,,,,,,,,,,,,,,,,,,,,,,,,,,,,,,,,,,,,,,"65.2","92.9","2351","-10","-18.9","13.2","17.1","3.5","22.2","85.5","2191","5.4","-32.9","4.5","7.5","1.7","12.7","88.3","2142","-16.2","-25.5","10","19.2","1.4"
"Rodón, Carlos",607074,2025,"L",45.2,"41.4","94.3","2317","9.8","-13","18","20.6","1.6","27.5","85.5","2640","-7.1","-39.2","-1.8","7.9","1.8","15.5","85.5","1618","11.7","-33.9","3.5","12.4","1.4","6.7","79.8","2658","-8.3","-58.2","-14.8","17.2","1.8","8.8","92.2","2283","11.5","-26.6","5.7","13.1","1.7",,,,,,,,,,,,,,,,,,,,,,,,,,,,,,,,,,,,,,,,,,,,,,,,,,,,,,,,,"50.2","94","2311","10.1","-15.4","15.8","19.3","1.9","34.3","84.4","2644","-7.3","-43","-4.3","9.7","3","15.5","85.5","1618","11.7","-33.9","3.5","12.4","1.4"
"Abbott, Andrew",671096,2025,"L",49.9,"49.9","91.6","2200","8.3","-16.1","16.5","18.6","1.3",,,,,,,,,"21.8","84.2","1815","14.9","-29","9.6","17.8","1.3","11.6","79.9","2682","-9.4","-45.1","-2.5","10.1","1.4",,,,,,,,,"1","87.2","2353","0.2","-27.2","8.8","9.1","1.5",,,,,,,,,,,,,,,,,"15.8","82.2","2669","-10.7","-36.1","4.5","12","1.2",,,,,,,,,,,,,,,,,,,,,,,,,"50.9","91.5","2203","8.2","-16.4","16.3","18.4","1.4","27.4","81.2","2675","-10.1","-39.9","1.6","11.2","1.7","21.8","84.2","1815","14.9","-29","9.6","17.8","1.3"
"Kremer, Dean",665152,2025,"R",42.5,"26.4","93.7","2249","-8","-13","18.3","20.1","1.2","0.4","83.9","2471","2.4","-37.7","1","2.7","1.5",,,,,,,,,"17.2","79.1","2747","6","-56.6","-12.6","14.2","1.4","15.8","92.8","2215","-15.3","-19","13","20.2","1.5","24.6","87.5","2422","5.2","-29.2","6.5","8.7","1.3","15.7","83","1113","-11.6","-30.8","9","15","1.5",,,,,,,,,,,,,,,,,,,,,,,,,,,,,,,,,,,,,,,,,"66.8","91.2","2305","-4.9","-20.4","12.7","15.9","3.4","17.5","79.2","2741","6","-56.2","-12.3","13.9","1.5","15.7","83","1113","-11.6","-30.8","9","15","1.5"
"Mahle, Tyler",641816,2025,"R",41.9,"51","92","2345","-10.6","-14.2","18.5","21.4","1.7","10.2","83.3","2456","3.2","-37.2","2.5","5.2","1.6",,,,,,,,,,,,,,,,,,,,,,,,,"10.3","84.9","2423","3.1","-29.9","8","8.9","1.6","28.5","83.8","1734","-13.8","-32.8","6.4","15.5","1.8",,,,,,,,,,,,,,,,,,,,,,,,,,,,,,,,,,,,,,,,,"61.3","90.8","2358","-8.3","-16.8","16.7","19.3","3.4","10.2","83.3","2456","3.2","-37.2","2.5","5.2","1.6","28.5","83.8","1734","-13.8","-32.8","6.4","15.5","1.8"
"Bubic, Kris",663460,2025,"L",37.8,"42","92.3","2404","4.9","-13.8","18.5","19.2","1.2","14.1","85.6","2433","-1.2","-35.9","1.3","2.9","1.2","18.2","85.3","1561","11.5","-37.9","-0.4","11.7","1.2",,,,,,,,,"4.7","91.6","2202","13.7","-23","9.7","16.9","1.3",,,,,,,,,,,,,,,,,,,,,,,,,"20.9","83","2635","-13.2","-44.3","-4.3","14.1","1.5",,,,,,,,,,,,,,,,,,,,,,,,,"46.7","92.3","2384","5.8","-14.7","17.6","19","1.2","35","84","2554","-8.4","-40.9","-2","9.6","1.9","18.2","85.3","1561","11.5","-37.9","-0.4","11.7","1.2"
"Mikolas, Miles",571945,2025,"R",41.6,"29","92","2169","-8.7","-17.7","14.7","17.2","1.2","26.8","86.7","2238","3","-29.5","6.9","7.8","1.4","11.6","85.3","1631","-15.3","-32.2","5.5","16.4","1.6","15.7","75.2","2533","9.4","-63.7","-14.7","17.6","1.7","14.4","91.2","2088","-16.1","-24.9","8.2","18.2","1.3",,,,,,,,,,,,,,,,,,,,,,,,,"2.5","80.1","2397","14.1","-45.3","-2.2","14.5","1.4",,,,,,,,,,,,,,,,,,,,,,,,,"43.4","91.7","2142","-11.1","-20.1","12.6","17.6","1.3","45","82.3","2350","5.8","-42.3","-1.2","11.6","5.8","11.6","85.3","1631","-15.3","-32.2","5.5","16.4","1.6"
"Senzatela, Antonio",622608,2025,"R",43.4,"54.5","94.6","2210","-3.9","-18.8","11.6","12.4","1.6","23.7","86.9","2269","5.1","-32.6","3.4","6.4","1.6","9.8","86.9","2198","-8.1","-28.6","7.5","11.3","1.5","8.8","79.9","2396","6.1","-49.2","-6.5","9.1","1.4","3.1","93.3","2143","-9","-19.3","12.1","15.2","1.6",,,,,,,,,,,,,,,,,,,,,,,,,,,,,,,,,,,,,,,,,,,,,,,,,,,,,,,,,"57.7","94.6","2206","-4.2","-18.9","11.6","12.5","1.6","32.5","85","2303","5.3","-37.1","0.7","7.2","3.6","9.8","86.9","2198","-8.1","-28.6","7.5","11.3","1.5"
"Lively, Ben",594902,2025,"R",36.9,"28.8","89.7","2029","-8.7","-17.2","16.8","19.1","1.3","1.5","83","1894","1.4","-26","13.7","14.2","1.3","7.8","84.8","1639","-14.9","-29.2","8.8","17.4","1.3","6.8","77.6","2013","7.4","-50.4","-4.8","9","1.6","28.8","90.5","2018","-14","-20.3","13.2","19.4","1.3","8.6","84.2","1922","-1.6","-26.3","12.3","12.8","1.5",,,,,,,,,,,,,,,,,"17.7","79.9","2023","8.3","-40.5","2.5","9.2","2.6",,,,,,,,,,,,,,,,,,,,,,,,,"66.2","89.3","2010","-10.1","-19.7","14.7","18.4","2.6","26","79.5","2013","7.7","-42.3","1.2","9.4","2.7","7.8","84.8","1639","-14.9","-29.2","8.8","17.4","1.3"
"Birdsong, Hayden",806185,2025,"R",47.7,"40.7","96.2","2393","-6.1","-11","18.8","19.8","1.3","29","88.5","2424","2","-29.5","5.2","6.2","1.7","22.8","89","1380","-12.1","-35.9","-1.4","12.4","1.5","7.5","79.6","2861","5","-60.1","-16.5","17.4","1.3",,,,,,,,,,,,,,,,,,,,,,,,,,,,,,,,,,,,,,,,,,,,,,,,,,,,,,,,,,,,,,,,,"40.7","96.2","2393","-6.1","-11","18.8","19.8","1.3","36.5","86.7","2514","2.6","-35.8","0.8","8.5","3.8","22.8","89","1380","-12.1","-35.9","-1.4","12.4","1.5"
"Sugano, Tomoyuki",608372,2025,"R",40.8,"18","92.4","2367","-6.5","-15.1","17","18.3","1.4",,,,,,,,,,,,,,,,,"12.6","77.7","2660","9","-57.9","-12.4","15.4","1.6","11.3","92.2","2254","-14.8","-19.8","12.5","19.5","1.7","14.3","87.5","2472","1.3","-29.8","5.9","6.4","1.5","24.9","87","1605","-13","-29.3","6.8","15","1.3",,,,,,,,,"18.9","82.9","2581","11.2","-37.2","2.7","11.8","1.6",,,,,,,,,,,,,,,,,,,,,,,,,"43.6","90.8","2372","-6.1","-21.2","12.2","14.7","2.8","31.5","80.8","2612","10.3","-45.5","-3.3","13.3","3","24.9","87","1605","-13","-29.3","6.8","15","1.3"
"Priester, Quinn",682990,2025,"R",47,,,,,,,,,"28.8","85.3","2443","4.1","-38.4","-0.9","4.7","1.3","3.9","88.4","1422","-12.7","-30.7","4.1","13.7","1.4","9.2","80.2","2675","5.3","-52.5","-9.9","11.4","1.3","42.9","93.3","2018","-14.8","-23.9","7.6","16.7","1.2","15.2","92.3","2305","0.3","-19.9","12","12.2","1.6",,,,,,,,,,,,,,,,,,,,,,,,,,,,,,,,,,,,,,,,,,,,,,,,,"58.1","93","2093","-10.8","-22.9","8.7","15.5","1.4","38","84.1","2499","4.4","-41.8","-3.1","6.3","2.6","3.9","88.4","1422","-12.7","-30.7","4.1","13.7","1.4"
"Mize, Casey",663554,2025,"R",45.3,"32","94.6","2179","-7.4","-13.7","17","18.7","1.4","13.8","87.5","2179","2.6","-32","3.7","4.8","1.4",,,,,,,,,,,,,,,,,"11.8","94.9","2118","-15","-18","12.4","19.5","1.5",,,,,,,,,"25.8","88.7","1386","-14.6","-31.5","3.4","15.2","1.4",,,,,,,,,"0.2","83.5","2112","12.1","-34.4","5.2","13.2",,"16.3","83.5","2107","5.2","-39.9","-0.8","6.1","1.4",,,,,,,,,,,,,,,,,"43.8","94.7","2162","-9.5","-14.8","15.8","18.9","1.4","30.3","85.3","2140","4.1","-36.3","1.3","5.5","2.4","25.8","88.7","1386","-14.6","-31.5","3.4","15.2","1.4"
"Pfaadt, Brandon",694297,2025,"R",29.4,"31.3","93.3","2567","-6","-15.2","16.2","17.4","1.2",,,,,,,,,"18","87.4","2085","-16.2","-31.1","4.9","17.1","1.5","11.4","83.2","2848","9","-44.9","-5.2","10.6","1.7","17.5","93.1","2421","-15.2","-24","7.6","17.2","1.1",,,,,,,,,,,,,,,,,,,,,,,,,"21.8","84.2","2871","11.6","-33","5.7","13.2","1.2",,,,,,,,,,,,,,,,,,,,,,,,,"48.8","93.2","2515","-9.3","-18.4","13.1","17.3","1.1","33.2","83.8","2863","10.7","-37.1","1.9","12.3","1.4","18","87.4","2085","-16.2","-31.1","4.9","17.1","1.5"
"Houck, Tanner",656557,2025,"R",20.3,"5.9","95","2316","-11.7","-20.7","9.7","15.3","1.4",,,,,,,,,,,,,,,,,,,,,,,,,"39.8","94.5","2230","-17","-30.4","0.5","17.1","1.5",,,,,,,,,"19","89.4","1869","-13.3","-37.3","-3.1","13.8","1.3",,,,,,,,,"35.4","83.5","2625","14.2","-41.7","-2.2","14.5","1.3",,,,,,,,,,,,,,,,,,,,,,,,,"45.7","94.5","2241","-16.3","-29.1","1.7","16.9","1.5","35.4","83.5","2625","14.2","-41.7","-2.2","14.5","1.3","19","89.4","1869","-13.3","-37.3","-3.1","13.8","1.3"
"Burnes, Corbin",669203,2025,"R",41.7,,,,,,,,,"9.9","88.1","2863","6.2","-33.2","1.9","7.1","1.9","9","88.5","2194","-15.5","-27.7","7.5","17.4","1.4","19","80","2820","10","-54.6","-11.6","15.4","1.4","9.3","95.7","2512","-12.8","-18.7","11.2","17.2","1.3","52.7","94","2692","2.7","-18.8","12.1","12.5","1.3",,,,,,,,,,,,,,,,,"0.2","84.7","2813","10.1","-41.9","-3.9","10.8",,,,,,,,,,,,,,,,,,,,,,,,,,"62","94.3","2665","0.4","-18.8","12","13.2","1.4","29.1","82.8","2835","8.7","-47.2","-6.9","12.6","4.2","9","88.5","2194","-15.5","-27.7","7.5","17.4","1.4"
"Ferrer, Jose A.",678606,2025,"L",32.2,,,,,,,,,"9.3","89.6","2316","0.7","-28.7","5.3","5.7","1.6","21.2","86.8","2176","18.5","-35.8","0.9","18.6","1.6",,,,,,,,,"69.5","97.2","2106","18","-21.8","7.3","19.5","1.3",,,,,,,,,,,,,,,,,,,,,,,,,,,,,,,,,,,,,,,,,,,,,,,,,,,,,,,,,"69.5","97.2","2106","18","-21.8","7.3","19.5","1.3","9.3","89.6","2316","0.7","-28.7","5.3","5.7","1.6","21.2","86.8","2176","18.5","-35.8","0.9","18.6","1.6"
"Gallen, Zac",668678,2025,"R",40.8,"47.5","93.2","2347","-4.6","-14.2","17.4","18.1","1.4","10.5","87.5","2408","6","-32.1","3.6","7.4","1.5","12.9","86.9","1519","-12.6","-32.3","4.1","13.4","1.5","22.1","81.2","2435","6.3","-53.5","-11.8","13.5","1.4",,,,,,,,,"7","89.3","2375","3.5","-24.2","9.9","10.6","1.4",,,,,,,,,,,,,,,,,,,,,,,,,,,,,,,,,,,,,,,,,,,,,,,,,"54.5","92.7","2351","-3.5","-15.5","16.5","17.2","2","32.7","83.2","2426","6.2","-46.6","-6.9","11.5","3.4","12.9","86.9","1519","-12.6","-32.3","4.1","13.4","1.5"
"Gilbert, Logan",669302,2025,"R",38.3,"33.7","95.5","2185","-9.5","-12.9","17.3","19.8","1.2","32.3","87.8","1853","0.5","-34.8","0.8","2","1.4",,,,,,,,,"11.6","83.4","2184","12.7","-42.5","-2.8","13.3","1.5","1.2","94.2","2071","-15.7","-20.2","10.7","19","1.5",,,,,,,,,"21.2","82.5","696","-4.3","-40.9","-0.5","6.5","1.3",,,,,,,,,,,,,,,,,,,,,,,,,,,,,,,,,,,,,,,,,"34.9","95.4","2181","-9.7","-13.1","17","19.8","1.2","43.9","86.7","1941","3.7","-36.9","-0.1","5","2.5","21.2","82.5","696","-4.3","-40.9","-0.5","6.5","1.3"
"Gausman, Kevin",592332,2025,"R",37.4,"55.9","94.4","2291","-11.5","-13.1","18","21.4","1.9","10.9","83.3","2416","2","-38","1.6","4.7","2.1",,,,,,,,,,,,,,,,,"0.1","93.8","2269","-18.4","-14.7","16.6","24.7",,,,,,,,,,"33.1","86.3","1885","-17.6","-31.2","5.8","18.7","2.1",,,,,,,,,,,,,,,,,,,,,,,,,,,,,,,,,,,,,,,,,"56.1","94.4","2291","-11.5","-13.1","18","21.4","1.9","10.9","83.3","2416","2","-38","1.6","4.7","2.1","33.1","86.3","1885","-17.6","-31.2","5.8","18.7","2.1"
"Williams, Trevor",592866,2025,"R",15.7,"35.8","87.3","2213","-1.9","-25.7","10","10.6","1.4","9.7","80.3","2204","6.2","-38.3","3.8","7.6","1","14.1","81.3","1515","-14.5","-40.7","0.8","15","1.4",,,,,,,,,"10.2","86.6","1935","-13.7","-31.8","4.8","14.8","1.3",,,,,,,,,,,,,,,,,,,,,,,,,"30.2","76.7","2213","10.5","-39.1","7.6","13.5","1.1",,,,,,,,,,,,,,,,,,,,,,,,,"46","87.1","2151","-4.6","-27","8.9","11.5","1.4","39.9","77.6","2211","9.5","-38.9","6.7","12.1","2","14.1","81.3","1515","-14.5","-40.7","0.8","15","1.4"
"Bello, Brayan",678394,2025,"R",30.5,"17.5","94.6","2184","-7.2","-17.3","13.3","15.3","1.3","28.8","85.7","2480","10.9","-40.1","-2.7","11.6","1.2","19.2","89.2","1728","-16.2","-30.8","3.7","16.9","1.2",,,,,,,,,"34.5","95","2122","-17.1","-25.7","4.8","17.9","1.3",,,,,,,,,,,,,,,,,,,,,,,,,,,,,,,,,,,,,,,,,,,,,,,,,,,,,,,,,"52","94.8","2143","-13.7","-22.9","7.7","17","1.2","28.8","85.7","2480","10.9","-40.1","-2.7","11.6","1.2","19.2","89.2","1728","-16.2","-30.8","3.7","16.9","1.2"
"Taillon, Jameson",592791,2025,"R",45.7,"40.6","92.5","2317","-8.1","-13.9","18.3","20.2","1",,,,,,,,,"8.6","84.3","1620","-15.9","-31.4","7.3","17.7","1.2","15","79.8","2567","9.5","-52.5","-9.2","13.4","1.2","5.5","92.4","2211","-14.6","-17.7","14.5","20.6","1.2","13.7","86.2","2468","5.2","-26.9","9.8","11.5","1.4",,,,,,,,,,,,,,,,,"16.6","80.2","2693","15.6","-42.8","0","15.9","1.3",,,,,,,,,,,,,,,,,,,,,,,,,"59.9","91","2342","-5.7","-17.2","16","18.2","3.1","31.6","80.1","2633","12.7","-47.4","-4.4","14.7","1.2","8.6","84.3","1620","-15.9","-31.4","7.3","17.7","1.2"
"Holmes, Clay",605280,2025,"R",45.2,"8.4","92.7","2306","-7","-17","15.1","16.9","1.4","13.6","85.1","2562","1.7","-41.7","-3.7","4.7","1.4","15.6","87.8","1200","-14.5","-35.1","0.6","14.8","1.3",,,,,,,,,"37.4","93.3","2187","-14.9","-27.6","4.1","15.6","1.3","9","89.7","2406","0.3","-28.5","5.5","6","1.8",,,,,,,,,,,,,,,,,"16","81.3","2766","16.7","-48.2","-6.3","18","1.3",,,,,,,,,,,,,,,,,,,,,,,,,"54.8","92.6","2242","-11.2","-26.1","6","14.3","2","29.6","83","2672","9.8","-45.2","-5.1","11.9","2.4","15.6","87.8","1200","-14.5","-35.1","0.6","14.8","1.3"
"Crochet, Garrett",676979,2025,"L",31.8,"43.5","95.9","2468","9.3","-14.2","15.8","18.5","1.3",,,,,,,,,"6.5","88.6","2110","16.6","-25.6","9.5","19.2","1.6",,,,,,,,,"15.1","95.3","2397","16.9","-22.9","7.5","18.6","1.4","27.6","90.5","2641","-4.3","-26.9","6.4","8.4","1.9",,,,,,,,,,,,,,,,,"7.3","82.9","2486","-13.5","-41.4","-1.2","13.9","1.4",,,,,,,,,,,,,,,,,,,,,,,,,"86.1","94.1","2512","6.3","-19.8","11.3","15.3","3.1","7.3","82.9","2486","-13.5","-41.4","-1.2","13.9","1.4","6.5","88.6","2110","16.6","-25.6","9.5","19.2","1.6"
"Fried, Max",608331,2025,"L",47.2,"41.5","93.9","2265","-0.1","-19.5","11.5","11.9","2","0.8","81.8","2676","-7","-46.4","-5.4","9","1.6","9.6","84.2","1802","12.5","-35","3.4","13.1","2","14.5","75.7","2975","-11.5","-66.3","-17.7","21.2","2.1","18","93.4","2128","10.1","-26.6","4.6","11.4","1.9","3.3","86.1","2411","-4.1","-33.3","3.5","6.4","1.6",,,,,,,,,,,,,,,,,"12.3","80.1","2892","-18.3","-51","-7.8","20.1","1.9",,,,,,,,,,,,,,,,,,,,,,,,,"62.8","93.4","2234","2.6","-22.3","9.1","11.5","2.8","27.6","77.8","2929","-14.4","-58.9","-12.9","20.3","3.1","9.6","84.2","1802","12.5","-35","3.4","13.1","2"
"Ragans, Cole",666142,2025,"L",38.5,"48.6","95.5","2562","13.6","-13.2","16.9","21.8","1.6","12.5","84.7","2616","-1.7","-40.7","-2.8","4.1","1.5","19.5","84.5","2066","16.2","-27.2","11.3","19.8","1.3","14.6","80.3","2438","-11.5","-55.6","-12.9","17.4","1.5",,,,,,,,,"4.8","90","2544","-0.1","-24.8","8.6","8.9","1.5",,,,,,,,,,,,,,,,,,,,,,,,,,,,,,,,,,,,,,,,,,,,,,,,,"53.4","95","2560","12.4","-14.3","16.2","20.6","2.3","27.1","82.3","2520","-7","-48.7","-8.2","11.2","2.7","19.5","84.5","2066","16.2","-27.2","11.3","19.8","1.3"
"Leiter, Jack",683004,2025,"R",45.9,"31.9","97.4","2376","-8","-11.8","17.3","19.3","1.3","25.4","87.9","2582","4.2","-35","0.4","5.2","1.4","13.9","90.8","1572","-12.3","-32.1","1.4","12.6","1.7","10.1","81.8","2634","7","-51.3","-10.2","12.7","1.8","18.8","96.6","2323","-13.5","-15","14.6","19.9","1.3",,,,,,,,,,,,,,,,,,,,,,,,,,,,,,,,,,,,,,,,,,,,,,,,,,,,,,,,,"50.6","97.1","2357","-10","-12.9","16.3","19.5","1.4","35.5","86.2","2597","5","-39.6","-2.6","7.4","3.2","13.9","90.8","1572","-12.3","-32.1","1.4","12.6","1.7"
"Anderson, Tyler",542881,2025,"L",56.5,"41","88.9","2177","6.1","-15.1","19.7","20.7","1.2","2.3","78.1","2278","-4.8","-43.4","1.4","5.6","1.6","34.7","77.9","1903","12.6","-32.1","13.1","18.4","1.4","0.5","69.5","2058","-2","-67.8","-10.7","11.1","1.4","1.4","88.4","2141","17.5","-26.5","8.7","19.6","1.4","20.1","84","2279","-2.5","-25.2","13.4","13.8","1.5",,,,,,,,,,,,,,,,,,,,,,,,,,,,,,,,,,,,,,,,,,,,,,,,,"62.4","87.3","2209","3.6","-18.6","17.4","18.5","2.8","2.9","76.5","2236","-4.3","-48.1","-0.9","6.6","2.5","34.7","77.9","1903","12.6","-32.1","13.1","18.4","1.4"
"Jobe, Jackson",695549,2025,"R",43.9,"30.8","96.7","2402","-7.1","-11.7","17.7","19.2","1.3","32.2","88.9","2727","6","-32.5","1.7","6.8","1.5","15.1","85.2","1821","-15.8","-31","6.7","17.3","1.4","8","81.3","2929","10.4","-52.9","-11.3","15.5","1.7","13.8","95.6","2425","-15.7","-20","10.1","18.8","1.3",,,,,,,,,,,,,,,,,,,,,,,,,"0.2","85","2593","7.4","-36.8","0.9","7.5",,,,,,,,,,,,,,,,,,,,,,,,,,"44.6","96.3","2409","-9.8","-14.2","15.4","19.1","1.4","40.3","87.4","2766","6.9","-36.6","-0.8","8.5","3.5","15.1","85.2","1821","-15.8","-31","6.7","17.3","1.4"
"Bassitt, Chris",605135,2025,"R",32.9,"4.1","91.2","2124","-8.2","-20.7","12.4","15.2","1.4","2.1","81.1","2409","8","-43.2","-1.4","8.5","1.7","0.8","83.7","1425","-19.4","-37.2","2.1","19.8","1.5","16.8","71","2248","16.2","-67.8","-12.3","20.4","1.2","42.2","91.2","2106","-17.1","-27.8","5.5","18.1","1.1","19.3","87.8","2231","0.8","-27.2","8.3","9.1","1.9","8.2","83.2","1355","-14.9","-40.4","-0.6","15.3","1.3",,,,,,,,,"6.5","72.5","2314","20","-53.8","-0.8","20.1","1.3",,,,,,,,,,,,,,,,,,,,,,,,,"65.6","90.2","2144","-11.3","-27.2","6.7","15.3","2.2","25.4","72.2","2278","16.5","-62.2","-8.4","19.4","3.1","9","83.3","1362","-15.3","-40.1","-0.4","15.7","1.4"
"Kochanowicz, Jack",686799,2025,"R",29.4,"24.3","95.6","2244","-7.7","-16.1","13.9","16","1.4","17.1","87.9","2719","2.8","-35.3","0.2","3.6","1.6","4.7","89.3","2057","-10","-31.3","3.1","10.8","1.8",,,,,,,,,"47","95.5","2117","-14.7","-27.3","2.8","15.1","1.3",,,,,,,,,,,,,,,,,,,,,,,,,"7","83.2","2776","9.2","-42.2","-2.3","10","1.8",,,,,,,,,,,,,,,,,,,,,,,,,"71.3","95.6","2160","-12.3","-23.5","6.6","15.4","1.3","24","86.5","2736","4.7","-37.3","-0.5","5.4","2.7","4.7","89.3","2057","-10","-31.3","3.1","10.8","1.8"
"Canning, Griffin",656288,2025,"R",43,"34.6","93.8","2151","-10","-15.1","16.3","19.2","1.2","35","87.4","2751","1.7","-40.6","-4.8","6.1","1.4","23","89.4","1460","-15.8","-33.1","1.3","16.2","1.5","4.2","81.2","2499","13.1","-48","-6.1","14.6","1.3","0.8","94.4","2224","-13.8","-14.7","16.4","21.4","1.4","2.4","89.3","2491","1.3","-27.1","7.1","7.4","1.4",,,,,,,,,,,,,,,,,,,,,,,,,,,,,,,,,,,,,,,,,,,,,,,,,"37.8","93.5","2174","-9.3","-15.8","15.7","18.5","1.7","39.2","86.8","2724","2.9","-41.4","-4.9","7","2.5","23","89.4","1460","-15.8","-33.1","1.3","16.2","1.5"
"Patrick, Chad",694477,2025,"R",35.3,"22","93.4","2315","-6.8","-14.6","16.8","18.3","1.2","5.1","84.3","2435","6.9","-35.9","2.7","7.9","1.7","5.5","87.9","1881","-11.8","-31","4.3","12.8","1.4",,,,,,,,,"21.5","93","2183","-15.3","-20.1","11.7","19.3","1.2","45.8","87.5","2366","2.9","-23.4","12.4","13.4","1.2",,,,,,,,,,,,,,,,,,,,,,,,,,,,,,,,,,,,,,,,,,,,,,,,,"89.3","90.3","2310","-3.9","-20.4","13.4","16","3.4","5.1","84.3","2435","6.9","-35.9","2.7","7.9","1.7","5.5","87.9","1881","-11.8","-31","4.3","12.8","1.4"
"Sale, Chris",519242,2025,"L",8.1,"40.8","94.7","2215","14.3","-21.6","9.1","17.1","2.1","46.9","78.9","2286","-9.6","-46.8","-2.6","10.5","2.8","9.3","86.4","1790","15.7","-37.7","-0.9","15.9","1.8",,,,,,,,,"3","93.5","2042","17.3","-29.7","1.6","17.4","1.6",,,,,,,,,,,,,,,,,,,,,,,,,,,,,,,,,,,,,,,,,,,,,,,,,,,,,,,,,"43.8","94.6","2203","14.5","-22.1","8.5","17.1","2.1","46.9","78.9","2286","-9.6","-46.8","-2.6","10.5","2.8","9.3","86.4","1790","15.7","-37.7","-0.9","15.9","1.8"
"Blanco, Ronel",669854,2025,"R",45.5,"36.2","93.3","2260","-6.7","-12.9","18.9","20.2","1.1","31","85.7","2137","3","-30.7","6.6","7.6","1.2","12.8","84.5","1523","-13.6","-32.2","6.5","15.4","1.4","20","80.3","2215","10.5","-44.5","-1.5","11","1.2",,,,,,,,,,,,,,,,,,,,,,,,,,,,,,,,,,,,,,,,,,,,,,,,,,,,,,,,,,,,,,,,,"36.2","93.3","2260","-6.7","-12.9","18.9","20.2","1.1","50.9","83.6","2168","5.9","-36.1","3.4","9","3","12.8","84.5","1523","-13.6","-32.2","6.5","15.4","1.4"
"Brown, Hunter",686613,2025,"R",55.9,"35.5","96.9","2269","-6.6","-11.8","17.5","18.8","1.5","7.6","90.6","2211","3.6","-27.9","5.5","6.8","1.4","15.3","88.6","1544","-14.9","-26.3","8.7","17.4","1.6","15.4","83.7","2615","5","-55.8","-16.2","17.1","1.9","21.2","96.1","2191","-13.8","-15.7","14.1","19.8","1.5","4.9","93.3","2317","3.5","-23","8.5","9.5","1.6",,,,,,,,,,,,,,,,,,,,,,,,,,,,,,,,,,,,,,,,,,,,,,,,,"61.6","96.4","2246","-8.3","-14","15.6","18.4","1.9","23","86","2482","4.5","-46.6","-9.1","13.7","3.7","15.3","88.6","1544","-14.9","-26.3","8.7","17.4","1.6"
"Smith, Shane",681343,2025,"R",33.3,"43.1","95","2327","-4.9","-16.3","14","15.1","1.6","19.6","88.6","2206","2.9","-32.1","2.7","4.5","1.6","22.2","90.1","1613","-15.1","-33","0.9","15.4","1.4","8","81.6","2359","8.5","-54.5","-13","15.8","1.6","6.6","94.8","2151","-15.6","-20.3","10.3","18.9","1.4",,,,,,,,,,,,,,,,,,,,,,,,,"0.5","88.1","2150","12.6","-26.3","8.8","15.4","1.5",,,,,,,,,,,,,,,,,,,,,,,,,"49.7","94.9","2302","-6.4","-16.9","13.5","15.6","1.5","28.1","86.6","2249","4.6","-38.4","-1.7","7.9","3.5","22.2","90.1","1613","-15.1","-33","0.9","15.4","1.4"
"Hancock, Emerson",676106,2025,"R",21.5,"16.5","94.2","2464","-14.3","-17.8","13.2","19.5","1.2","14.7","80.9","2446","6","-44.7","-3","6.9","1.5","22.3","86.2","1713","-17.2","-34","3","17.6","1.3",,,,,,,,,"42.9","94.4","2387","-18.8","-24","6.9","20.1","1.2",,,,,,,,,,,,,,,,,,,,,,,,,"3.7","78.9","2620","13.2","-41.1","3.1","13.9","1.4",,,,,,,,,,,,,,,,,,,,,,,,,"59.3","94.3","2408","-17.6","-22.3","8.6","20","1.2","18.4","80.5","2481","7.5","-43.9","-1.8","8.3","1.7","22.3","86.2","1713","-17.2","-34","3","17.6","1.3"
"Olson, Reese",681857,2025,"R",36.7,"13.3","94.7","2295","-9.9","-15.1","15.7","18.7","1.2","23.9","84.5","2835","4.9","-42.2","-3.8","6.5","1.2","25.8","87.7","2000","-15.1","-35.9","-0.1","15.2","1.1","5.6","79.8","2426","7","-55.8","-12.3","14.4","1.2","31.4","94.6","2161","-15.7","-19.5","11.3","19.5","1.2",,,,,,,,,,,,,,,,,,,,,,,,,,,,,,,,,,,,,,,,,,,,,,,,,,,,,,,,,"44.7","94.7","2201","-14","-18.2","12.6","19.2","1.2","29.5","83.6","2757","5.3","-44.8","-5.4","8","2.2","25.8","87.7","2000","-15.1","-35.9","-0.1","15.2","1.1"
"Márquez, Germán",608566,2025,"R",38.9,"29.4","95.3","2192","-9.6","-16.3","13.8","16.9","1.3","18.8","89.1","2336","0.1","-28.7","5.5","5.9","1.3","2.5","89.4","1629","-12.3","-24.9","9.2","15.4","1.3","21","86.4","2600","2.1","-37.5","-0.7","3.4","1.8","28.3","94.7","2138","-14.2","-19.7","10.8","17.9","1.4",,,,,,,,,,,,,,,,,,,,,,,,,,,,,,,,,,,,,,,,,,,,,,,,,,,,,,,,,"57.7","95","2166","-11.8","-18","12.3","17.4","1.4","39.8","87.7","2475","1.2","-33.3","2.2","4.6","2.1","2.5","89.4","1629","-12.3","-24.9","9.2","15.4","1.3"
"Irvin, Jake",663623,2025,"R",27.5,"28.1","92","2340","-8.6","-17.6","14.6","17.1","1.7","0.1","80.5","2437","3.5","-37.2","4.7","5.9",,"12.4","85.6","2220","-15.3","-32.8","4.5","16.1","2.1","38.9","78.3","2485","13.6","-48.2","-3.5","14.4","2.2","17.2","91.4","2308","-16.5","-25.9","7","18.1","1.7","3.2","87.8","2448","1.3","-28.4","6.9","7.9","1.6",,,,,,,,,,,,,,,,,,,,,,,,,,,,,,,,,,,,,,,,,,,,,,,,,"48.6","91.5","2336","-10.7","-21.3","11.4","16.8","2","39","78.3","2485","13.6","-48.1","-3.5","14.4","2.2","12.4","85.6","2220","-15.3","-32.8","4.5","16.1","2.1"
"Sears, JP",676664,2025,"L",25,"39.8","92.3","2026","11.7","-18.5","13.8","18.2","1.3","11.5","79.7","2312","-4.2","-40.9","2.2","6.9","1.5","14.7","82.7","1490","16.4","-36.6","3.6","16.9","1.4",,,,,,,,,"1","89.7","1841","14.1","-26.2","7.4","16","1.4",,,,,,,,,,,,,,,,,,,,,,,,,"33.1","78.4","2287","-12.9","-39.1","5.8","14.5","1.6",,,,,,,,,,,,,,,,,,,,,,,,,"40.8","92.2","2021","11.8","-18.7","13.6","18.1","1.4","44.6","78.7","2293","-10.6","-39.5","4.9","12.5","1.7","14.7","82.7","1490","16.4","-36.6","3.6","16.9","1.4"
"Yamamoto, Yoshinobu",808967,2025,"R",43.7,"35.8","95.3","2195","-7.1","-13.9","16.3","17.8","1.3","2.5","86.1","2752","6.2","-36.6","0.2","6.7","1.4",,,,,,,,,"17.8","76.8","2722","12.3","-63.7","-16.6","20.8","1.7","6.3","94.6","2217","-13.7","-18.2","12.4","18.6","1.3","8","90.7","2426","3.9","-25.2","7.9","9.3","1.3","29.4","90.6","1427","-10.8","-31.5","1.9","11.3","1.7",,,,,,,,,"0.1","84.2","2981","14.9","-47.6","-8.7","17.3",,,,,,,,,,,,,,,,,,,,,,,,,,"50.1","94.4","2235","-6.2","-16.3","14.4","16.6","2.2","20.5","78","2727","11.6","-60.2","-14.5","19","3.5","29.4","90.6","1427","-10.8","-31.5","1.9","11.3","1.7"
"Allen, Logan",671106,2025,"L",33.1,"29.9","90.4","2249","6.6","-18.2","15.5","17","1.2",,,,,,,,,"14.1","82.8","939","6.5","-34.9","5.2","9.1","1.2",,,,,,,,,"11.4","88.8","1949","13.7","-27.2","7.7","15.9","1.2","13.8","84.3","2204","-5.2","-33.8","4.6","7.5","1.8",,,,,,,,,,,,,,,,,"30.7","77.4","2297","-15.9","-44.4","1.6","16.2","1.5",,,,,,,,,,,,,,,,,,,,,,,,,"55.2","88.5","2175","5.1","-24","11.1","14.4","3","30.7","77.4","2297","-15.9","-44.4","1.6","16.2","1.5","14.1","82.8","939","6.5","-34.9","5.2","9.1","1.2"
"Ortiz, Luis",682847,2025,"R",23.6,"30.1","96.1","2269","-12.1","-17.1","12.7","17.6","1.2","25.8","85.3","2377","6.8","-36.7","0.8","7.7","1.2","12.6","89.2","1457","-15","-32.9","1.5","15.4","1.1",,,,,,,,,"13.6","95","2269","-15.8","-26.8","3.7","16.3","1.1","17.9","91","2339","0.9","-23.7","9.1","9.4","1.3",,,,,,,,,,,,,,,,,,,,,,,,,,,,,,,,,,,,,,,,,,,,,,,,,"61.6","94.4","2289","-9.1","-21.2","9.6","15","2.7","25.8","85.3","2377","6.8","-36.7","0.8","7.7","1.2","12.6","89.2","1457","-15","-32.9","1.5","15.4","1.1"
"Liberatore, Matthew",669461,2025,"L",45.6,"25.5","94.5","2056","7","-14.1","16.6","18.1","1.2","25.6","86.4","2704","-4.6","-36.9","-0.5","5.1","1.5","11.6","89.1","1775","14.9","-24.8","9.7","18","1.4","9","77.9","2926","-10.5","-64.4","-18.4","21.3","1.5","14.2","94.4","2080","13","-16.5","14.3","19.4","1.4","14","90.3","2502","-3","-24.3","9","9.8","1.6",,,,,,,,,,,,,,,,,,,,,,,,,,,,,,,,,,,,,,,,,,,,,,,,,"53.7","93.4","2179","5.9","-17.4","14","16.3","2.4","34.7","84.2","2762","-6.1","-44.1","-5.2","9.3","4.1","11.6","89.1","1775","14.9","-24.8","9.7","18","1.4"
"Morton, Charlie",450203,2025,"R",22.2,"33.3","93.9","2340","-11.3","-18.1","13.1","17.4","1.4",,,,,,,,,"10.1","87.3","1956","-15.2","-38.1","-2","15.6","1.4","34.5","81.2","3125","15.1","-50.9","-9","17.8","1.3","12.7","93.6","2287","-18.2","-27","4.5","18.9","1.4","9.4","88.4","2486","1.1","-28.6","6.3","6.8","1.4",,,,,,,,,,,,,,,,,,,,,,,,,,,,,,,,,,,,,,,,,,,,,,,,,"55.5","92.9","2353","-10.8","-21.9","10","16","2.6","34.5","81.2","3125","15.1","-50.9","-9","17.8","1.3","10.1","87.3","1956","-15.2","-38.1","-2","15.6","1.4"
"Senga, Kodai",673540,2025,"R",44.7,"32.6","94.8","2371","-8.1","-14.1","16.5","18.5","1.5","6","83.5","2543","1.7","-39","0.2","3.4","1.9",,,,,,,,,"1.3","68.7","2434","6.3","-68.1","-10.1","12","1.6","6.2","89.1","2210","-15.6","-27.8","6.7","17.1","1.5","20","90.1","2448","-1.1","-25.1","8.6","8.9","1.9",,,,,,,,,,,,,,,,,"5.3","79.7","2519","8.3","-45.4","-2","8.8","2",,,,,,,,,"28.6","83","1134","-9.5","-39.6","0.2","10.1","1.7",,,,,,,,,"58.8","92.6","2381","-6.5","-19.3","12.8","15.1","3.1","12.6","80.4","2522","4.9","-44.7","-1.8","6.5","4.3","28.6","83","1134","-9.5","-39.6","0.2","10.1","1.7"
"Heaney, Andrew",571760,2025,"L",24.9,"43.2","90","2366","16.7","-20.9","13.2","21.4","1.2","13.5","80","2479","-3.1","-43.9","-0.9","4.2","1.6","19.7","81.9","2119","17.9","-35.4","5.8","19","1.4","12.7","75.6","2544","-10.2","-53.6","-5.2","12","2.9","10.8","89.7","2347","19.5","-30.3","4.1","20.1","1.3",,,,,,,,,,,,,,,,,,,,,,,,,,,,,,,,,,,,,,,,,,,,,,,,,,,,,,,,,"54.1","89.9","2363","17.2","-22.8","11.4","21.1","1.2","26.2","77.9","2510","-6.5","-48.6","-3","8","3.3","19.7","81.9","2119","17.9","-35.4","5.8","19","1.4"
"Kikuchi, Yusei",579328,2025,"L",33.1,"38.7","94.5","2178","10.5","-15.5","15.4","18.8","1.2","36.8","87","2237","-2.1","-31.4","4.9","5.9","1.7","13.7","84.9","1494","14.1","-33.3","4.7","15","1.8","8.5","80.1","2435","-5.8","-47.1","-4.4","7.6","2","0.7","90.4","2163","14","-25.2","8.4","16.5","1.4",,,,,,,,,,,,,,,,,,,,,,,,,"1.6","81.1","2442","-11.1","-40","2","12","1.4",,,,,,,,,,,,,,,,,,,,,,,,,"39.4","94.4","2177","10.6","-15.7","15.3","18.7","1.4","46.8","85.5","2280","-3.1","-34.5","3.1","6.4","3.5","13.7","84.9","1494","14.1","-33.3","4.7","15","1.8"
"Castillo, Luis",622491,2025,"R",15.8,"44.6","94.7","2194","-13.1","-17.5","13.2","18.7","1","20.9","84.3","2229","0.5","-39.2","-0.8","2.6","1.4","12.6","87.3","1952","-18.6","-36.4","-0.4","18.7","1.3",,,,,,,,,"21.9","94.7","2038","-19.3","-26.3","4.4","19.9","1.2",,,,,,,,,,,,,,,,,,,,,,,,,,,,,,,,,,,,,,,,,,,,,,,,,,,,,,,,,"66.5","94.7","2143","-15.2","-20.4","10.3","19.1","1.1","20.9","84.3","2229","0.5","-39.2","-0.8","2.6","1.4","12.6","87.3","1952","-18.6","-36.4","-0.4","18.7","1.3"
"Matz, Steven",571927,2025,"L",34.5,,,,,,,,,"1.8","87.5","2189","1","-30.5","5.3","6.5","1.5","19.5","83.5","2391","16","-39.2","0.3","16.1","1.2","17.5","79.1","2273","-10.5","-53.7","-9.8","14.6","1.3","61.2","93.9","2233","15.2","-19.6","11.5","19.2","0.9",,,,,,,,,,,,,,,,,,,,,,,,,,,,,,,,,,,,,,,,,,,,,,,,,,,,,,,,,"61.2","93.9","2233","15.2","-19.6","11.5","19.2","0.9","19.3","79.9","2265","-9.4","-51.6","-8.5","13.9","2.6","19.5","83.5","2391","16","-39.2","0.3","16.1","1.2"
"Wilson, Bryse",669060,2025,"R",39.1,"12.4","92.2","2191","-8.5","-16.2","16.2","18.4","1.3",,,,,,,,,"21.7","85.7","1725","-18.3","-33","4.4","18.9","1.3","18.1","80.3","2469","15.5","-43.8","-1","15.9","1.7","24.7","92","2127","-17.4","-24.3","8.2","19.3","1.2","23.1","88","2134","2","-25.6","9.6","10.1","1.3",,,,,,,,,,,,,,,,,,,,,,,,,,,,,,,,,,,,,,,,,,,,,,,,,"60.2","90.5","2143","-8.1","-23.2","10.4","15.6","2.4","18.1","80.3","2469","15.5","-43.8","-1","15.9","1.7","21.7","85.7","1725","-18.3","-33","4.4","18.9","1.3"
"Carrasco, Carlos",471911,2025,"R",34.6,"22.2","91.5","2173","-5.2","-21","11.6","12.9","1.4","27.4","84.3","2344","3","-34.7","3.6","5.6","1.5","18.7","85.1","1223","-7.1","-36","1.7","7.9","1.2","8.9","78","2525","8.6","-50.3","-5.3","10.4","1.4","22.4","90.5","2032","-13.8","-29.1","4.5","14.7","1.1",,,,,,,,,,,,,,,,,,,,,,,,,"0.4","80.8","2286","7.8","-35.5","6.2","10.3","1.6",,,,,,,,,,,,,,,,,,,,,,,,,"44.6","91","2102","-9.5","-25","8","13.8","1.3","36.8","82.7","2387","4.4","-38.5","1.5","6.8","3.1","18.7","85.1","1223","-7.1","-36","1.7","7.9","1.2"
"Baz, Shane",669358,2025,"R",37.8,"46.7","96.7","2451","-9.9","-12.5","16.8","19.6","1.5","7.9","86.8","2325","3.4","-35.1","0.9","4","1.5","12.2","89.5","2170","-17.8","-25.4","8.7","19.9","1.6","33.2","84","2723","8.3","-52.4","-13.6","16","1.6",,,,,,,,,,,,,,,,,,,,,,,,,,,,,,,,,,,,,,,,,,,,,,,,,,,,,,,,,,,,,,,,,"46.7","96.7","2451","-9.9","-12.5","16.8","19.6","1.5","41.1","84.6","2646","7.4","-49.1","-10.8","13.7","2","12.2","89.5","2170","-17.8","-25.4","8.7","19.9","1.6"
"Quintana, Jose",500779,2025,"L",41,"9.9","90","2058","4.8","-17.7","16.3","17","1.2",,,,,,,,,"24.5","85.3","1314","15.3","-34.2","3.6","15.9","1.1","12.6","77.9","2169","-6.4","-51.8","-6.6","9.3","1.1","45.9","90.3","2069","14.5","-21.6","12.3","19.1","1",,,,,,,,,,,,,,,,,,,,,,,,,,,,,,,,,"7.1","78.4","2181","-10","-44.2","0.4","10.1","1.2",,,,,,,,,,,,,,,,,"55.8","90.2","2067","12.8","-20.9","13","18.8","1","19.7","78.1","2173","-7.7","-49.1","-4.1","9.6","1.1","24.5","85.3","1314","15.3","-34.2","3.6","15.9","1.1"
"Povich, Cade",700249,2025,"L",41.1,"35.5","92.3","2354","9.5","-14.7","17.6","20.1","1.1",,,,,,,,,"15.7","83.7","1012","8.8","-32.8","6.5","12.9","1.4","18.4","77.9","2561","-10.3","-60.1","-14.6","17.9","1.5","11.1","91.7","2208","15.4","-20.4","12.1","19.7","1.2",,,,,,,,,,,,,,,,,,,,,,,,,"19.2","82.5","2484","-10","-39.5","0.8","10.8","1.6",,,,,,,,,,,,,,,,,,,,,,,,,"46.7","92.2","2319","10.9","-16","16.3","20","1.1","37.6","80.2","2522","-10.1","-49.6","-6.7","14.3","2.8","15.7","83.7","1012","8.8","-32.8","6.5","12.9","1.4"
"Rasmussen, Drew",656876,2025,"R",54.3,"29.4","95.7","2500","-4","-12.3","17.5","18.1","1.3",,,,,,,,,,,,,,,,,"5.4","80.7","2788","5.7","-51.7","-9.9","11.8","1.8","25","95.3","2426","-14.4","-16.5","13.6","19.9","1.2","32.6","90.2","2736","3.9","-29.1","4.2","6.2","1.4",,,,,,,,,,,,,,,,,"7.5","84.8","2719","12","-39.5","-1.4","12.3","1.2",,,,,,,,,,,,,,,,,,,,,,,,,"87","93.5","2567","-4","-19.8","11.4","14.2","3.1","13","83.1","2748","9.4","-44.6","-4.9","12.1","2.4",,,,,,,,
"Quantrill, Cal",615698,2025,"R",45.4,"21.6","93","2125","-10.8","-15.2","16.4","19.8","1","8.2","84.9","2418","3.8","-37.1","0.8","4.7","1.3","0.2","86.9","1646","-11.5","-24.3","12.3","16.8",,"14.5","79.5","2474","3.6","-49.4","-6.1","7.3","2.1","10.4","92.9","2099","-15.5","-19.7","12.1","19.9","1.3","19.9","88.5","2304","2.3","-25.9","8.9","9.5","1.2","25.2","86.3","1227","-11.9","-30.5","6.4","14.1","1.3",,,,,,,,,,,,,,,,,,,,,,,,,,,,,,,,,,,,,,,,,"51.9","91.3","2188","-6.7","-20.2","12.7","15.9","2.6","22.7","81.4","2454","3.7","-45","-3.6","6.4","3.1","25.4","86.3","1229","-11.9","-30.5","6.4","14.1","1.3"
"Vásquez, Randy",681190,2025,"R",36.1,"17.6","92.9","2345","-6.8","-16.1","15.7","17.2","1.1",,,,,,,,,"6.7","87.5","2040","-18","-30.9","5","18.8","1.2","13.4","80.8","3046","13.9","-50","-7.8","16.1","1.3","14.3","92.9","2289","-14.8","-20.2","11.7","19","1.1","28.1","90.2","2491","2.1","-23.7","9.7","10.3","1.4",,,,,,,,,,,,,,,,,"20","82","2982","13.2","-38.4","2.5","14","1.5",,,,,,,,,,,,,,,,,,,,,,,,,"59.9","91.6","2400","-4.6","-20.7","11.9","14.4","1.9","33.4","81.5","3008","13.4","-43","-1.6","14.8","1.6","6.7","87.5","2040","-18","-30.9","5","18.8","1.2"
"Fedde, Erick",607200,2025,"R",34.3,,,,,,,,,,,,,,,,,"10.1","86.9","1824","-13.1","-33.6","2.7","13.7","1.3",,,,,,,,,"39.4","92.9","1944","-12.4","-21.9","9.9","16.1","1.2","24.6","90.2","2084","-0.2","-22.8","10.6","10.8","1.2",,,,,,,,,,,,,,,,,"25.9","82.5","2356","12.4","-35.3","5.1","13.7","1.3",,,,,,,,,,,,,,,,,,,,,,,,,"64","91.9","1998","-7.7","-22.3","10.2","14.1","1.9","25.9","82.5","2356","12.4","-35.3","5.1","13.7","1.3","10.1","86.9","1824","-13.1","-33.6","2.7","13.7","1.3"
"Feltner, Ryan",663372,2025,"R",41,"37.4","93.5","2401","-3.9","-20.1","10.9","12","1.3","17.2","88","2504","5.3","-29.4","5.6","8.1","1.4","18.4","84.7","1632","-4.8","-32.3","5.4","7.7","1.5","6.5","78.7","2672","10.3","-55.8","-11.6","15.7","1.5","8.4","93.7","2382","-12","-23.5","7.6","14.5","1.4",,,,,,,,,,,,,,,,,,,,,,,,,"12.1","81.5","2581","14.5","-42.3","-1.3","14.9","1.4",,,,,,,,,,,,,,,,,,,,,,,,,"45.8","93.5","2397","-5.4","-20.7","10.3","12.4","1.3","35.8","84.1","2561","9.3","-38.6","0.2","11.8","4.1","18.4","84.7","1632","-4.8","-32.3","5.4","7.7","1.5"
"Boyd, Matthew",571510,2025,"L",24.6,"45.7","93.2","2329","12.5","-18","13.7","18.6","1.3","20.1","81.5","2491","-3.7","-41.7","-0.6","4.3","1.5","21","79.1","1835","15.5","-38.4","5.6","16.7","1.5","8.6","74.7","2386","-13.2","-59.3","-9.8","16.7","2.2","4.6","91.7","2274","16.4","-22.9","9.8","19.2","1.7",,,,,,,,,,,,,,,,,,,,,,,,,,,,,,,,,,,,,,,,,,,,,,,,,,,,,,,,,"50.3","93","2324","12.9","-18.5","13.3","18.6","1.4","28.6","79.4","2459","-6.6","-47","-3.3","8","3.7","21","79.1","1835","15.5","-38.4","5.6","16.7","1.5"
"Bibee, Tanner",676440,2025,"R",50.4,"31.8","94.6","2211","-5.9","-16.2","14.4","15.7","1.4",,,,,,,,,"12.4","81.3","1947","-15.5","-30.5","11","19.1","1.4","1.9","80.1","2664","10.3","-49.6","-6.8","12.6","1.4","16.4","93.9","2172","-15.1","-23","8.1","17.3","1.3","23.1","85.7","2658","8.4","-33.3","4.1","9.8","1.6",,,,,,,,,,,,,,,,,"14.3","82.7","2622","16.3","-40","0.2","16.4","1.5",,,,,,,,,,,,,,,,,,,,,,,,,"71.4","91.5","2347","-3.4","-23.3","9.6","14.2","4.6","16.2","82.4","2627","15.6","-41.1","-0.6","16","1.7","12.4","81.3","1947","-15.5","-30.5","11","19.1","1.4"
"Casparius, Ben",676508,2025,"R",46.5,"34.5","96.1","2445","-2.9","-11.4","18.3","18.6","1.4","31.8","85.1","3057","14","-38.1","-0.2","14.3","2",,,,,,,,,"12.7","80.7","2990","10.9","-56.7","-14.2","18.1","2",,,,,,,,,"20.9","91.8","2770","6","-25.7","6.6","9.2","1.5",,,,,,,,,,,,,,,,,,,,,,,,,,,,,,,,,,,,,,,,,,,,,,,,,"55.5","94.5","2567","0.4","-16.8","13.9","15.1","2.6","44.5","83.9","3038","13.1","-43.4","-4.2","15.4","2.9",,,,,,,,
"Springs, Jeffrey",605488,2025,"L",43.1,"42","90.1","2139","10.7","-17.7","16.3","19.6","1.3","28.2","83.4","2180","-4.3","-36.5","2.8","5.7","1.6","23","79.8","1388","12.9","-36.9","6.2","14.6","1.3",,,,,,,,,,,,,,,,,"3","86","2090","3.1","-27.3","9.9","10.5","1.9",,,,,,,,,,,,,,,,,"3.8","77.3","2261","-14","-42.8","3.5","14.8","1.3",,,,,,,,,,,,,,,,,,,,,,,,,"45","89.9","2136","10.1","-18.3","15.9","19","1.8","32","82.7","2189","-5.4","-37.3","2.9","6.8","2.6","23","79.8","1388","12.9","-36.9","6.2","14.6","1.3"
"Berríos, José",621244,2025,"R",37.6,"20.9","93.2","2172","-10.2","-16","15.7","18.8","1.4",,,,,,,,,"16.2","85.8","1526","-14.7","-33.2","4.2","15.5","1.4",,,,,,,,,"29.6","92.6","2062","-16.8","-21.5","10.6","20","1.5","5.6","89.9","2317","1","-25.7","8.2","8.4","1.4",,,,,,,,,,,,,,,,,,,,,,,,,"27.7","82.7","2351","15.7","-44.2","-3.9","16.3","1.5",,,,,,,,,,,,,,,,,"56.1","92.5","2128","-12.6","-19.9","12.3","18.4","1.8","27.7","82.7","2351","15.7","-44.2","-3.9","16.3","1.5","16.2","85.8","1526","-14.7","-33.2","4.2","15.5","1.4"
"Luzardo, Jesús",666200,2025,"L",33.9,"33.4","96.4","2229","11.9","-15.3","14.4","18.8","1.2","9.3","86.6","2398","0.4","-35.3","1.2","2.8","1.4","17.1","88","1907","16.8","-28","7.5","18.5","1.2",,,,,,,,,"12.6","95.8","2238","17.2","-21.7","8.4","19.2","1.4",,,,,,,,,,,,,,,,,,,,,,,,,"27.6","86","2227","-9.1","-36.5","0.6","9.7","1.6",,,,,,,,,,,,,,,,,,,,,,,,,"46","96.2","2231","13.3","-17","12.7","18.9","1.3","37","86.1","2270","-6.7","-36.2","0.7","8","1.6","17.1","88","1907","16.8","-28","7.5","18.5","1.2"
"Nelson, Ryne",669194,2025,"R",51.8,"59.1","95.7","2288","-3.7","-10.6","19.4","19.9","1.5","12","85.4","2485","5.9","-40.4","-2.9","7.1","1.8","4","85.7","1842","-14.5","-26.1","11.3","18.5","1.4","7.8","80.5","2283","10.5","-50.5","-8","13.6","1.6",,,,,,,,,"17.1","90.2","2306","4.3","-27.8","5.7","7.8","1.5",,,,,,,,,,,,,,,,,,,,,,,,,,,,,,,,,,,,,,,,,,,,,,,,,"76.2","94.4","2292","-1.9","-14.5","16.3","17.2","2.9","19.8","83.5","2405","7.7","-44.4","-4.9","9.6","2.7","4","85.7","1842","-14.5","-26.1","11.3","18.5","1.4"
"Holmes, Grant",656550,2025,"R",38.3,"39.9","94.4","2319","-5.4","-15.6","15.2","16.2","1.2","31.7","85.2","2844","3.3","-41","-3.4","5.3","1.2","2.1","90.1","1474","-13.2","-33.3","0.5","13.4","1.4","16.7","83.4","2904","4.8","-50.1","-10.7","11.9","1.2","0.5","93.2","2420","-8","-24.1","7.5","11","1.5","9.1","92.2","2570","0","-23.3","8.8","9.1","1.3",,,,,,,,,,,,,,,,,,,,,,,,,,,,,,,,,,,,,,,,,,,,,,,,,"49.5","93.9","2366","-4.4","-17.1","13.9","14.8","1.5","48.3","84.6","2865","3.8","-44.2","-5.9","7.6","1.5","2.1","90.1","1474","-13.2","-33.3","0.5","13.4","1.4"
"Burke, Sean",680732,2025,"R",43.9,"41","94.1","2538","-3.7","-12.3","18.8","19.4","1.5","28.2","86.3","2525","5.5","-32.4","4.3","7.6","1.6","5.7","85.6","1867","-14.8","-27.3","10.3","18.1","1.3","18.1","78.6","2581","6.8","-60.3","-15.6","17.2","1.8","7","93.3","2381","-13","-15.9","15.7","20.5","1.4",,,,,,,,,,,,,,,,,,,,,,,,,,,,,,,,,,,,,,,,,,,,,,,,,,,,,,,,,"48","94","2515","-5.1","-12.8","18.4","19.5","1.5","46.3","83.3","2547","6","-43.3","-3.5","11.3","4.3","5.7","85.6","1867","-14.8","-27.3","10.3","18.1","1.3"
"Cannon, Jonathan",686563,2025,"R",26.4,"15.7","93.6","2230","-8.7","-15.9","15.5","17.8","1.3",,,,,,,,,"22.5","85.4","1773","-15.9","-36.5","1.4","16.2","1.3",,,,,,,,,"22.6","93","2140","-15.6","-26.9","4.8","16.4","1.2","24.2","89.2","2306","0.5","-24.5","9.8","10","1.4",,,,,,,,,,,,,,,,,"14.9","81.1","2620","16.2","-38.6","3.3","16.7","1.3",,,,,,,,,,,,,,,,,,,,,,,,,"62.6","91.7","2227","-7.6","-23.2","9.4","14.3","2.5","14.9","81.1","2620","16.2","-38.6","3.3","16.7","1.3","22.5","85.4","1773","-15.9","-36.5","1.4","16.2","1.3"
"López, Pablo",641154,2025,"R",35.3,"43.5","94.5","2147","-6.4","-16.4","14.2","15.7","1.1",,,,,,,,,"20.8","86.9","1841","-15.3","-33.7","2.8","16","1.3","9.2","82.1","2610","7.7","-53","-12.2","14.5","1.5","7.8","93.5","2035","-14.7","-23.7","7.7","16.8","1.3",,,,,,,,,,,,,,,,,,,,,,,,,"18.7","84.9","2385","12.2","-38","0.2","12.6","1.2",,,,,,,,,,,,,,,,,,,,,,,,,"51.3","94.4","2130","-7.6","-17.5","13.3","15.9","1.2","27.8","84","2459","10.7","-43","-3.9","13.2","1.9","20.8","86.9","1841","-15.3","-33.7","2.8","16","1.3"
"Paddack, Chris",663978,2025,"R",48.8,"52.5","93.7","2246","-8.4","-12.2","19.1","21","1.5","11.9","85.7","1992","2.4","-32","5.3","6.1","2","22.6","84.2","1803","-15.1","-33.3","5.6","16.3","1.4","13","78.2","2159","5.6","-57.9","-12.6","14","1.6",,,,,,,,,,,,,,,,,,,,,,,,,,,,,,,,,,,,,,,,,,,,,,,,,,,,,,,,,,,,,,,,,"52.5","93.7","2246","-8.4","-12.2","19.1","21","1.5","24.9","81.7","2079","4.1","-45.6","-4.1","10.3","4.1","22.6","84.2","1803","-15.1","-33.3","5.6","16.3","1.4"
"Vasil, Mike",678024,2025,"R",31,"10.4","93.3","2352","-7.3","-18.7","12.8","14.9","1.3",,,,,,,,,"16.9","85.4","1401","-11.5","-37.1","0.3","11.7","1.5","4.2","80.1","2513","11.9","-57.6","-14.4","18.7","1.4","29.8","93.4","2218","-14.2","-25.9","5.7","15.5","1.6","14.9","85.7","2406","1.7","-34.7","2.5","3.9","1.4",,,,,,,,,,,,,,,,,"23.8","80.9","2595","16.9","-46.6","-4.4","17.7","1.5",,,,,,,,,,,,,,,,,,,,,,,,,"55.1","91.3","2294","-8.6","-26.9","6.2","12.3","3.8","28","80.8","2583","16.2","-48.2","-5.9","17.8","1.5","16.9","85.4","1401","-11.5","-37.1","0.3","11.7","1.5"
"May, Dustin",669160,2025,"R",17.7,"16.2","95","2356","-10.8","-18.1","12.1","16.4","1.1",,,,,,,,,"0.7","92.1","2330","-14.9","-26.1","6","16.3","1.4",,,,,,,,,"42.1","94.4","2441","-18.4","-26.3","4.5","19","1.2","2.6","91.3","2656","-2.4","-28.4","4.4","5.4","1.6",,,,,,,,,,,,,,,,,"38.4","85.2","3192","17.1","-39.8","-1.8","17.4","1.1",,,,,,,,,,,,,,,,,,,,,,,,,"60.9","94.4","2428","-15.7","-24.2","6.5","17.7","1.4","38.4","85.2","3192","17.1","-39.8","-1.8","17.4","1.1","0.7","92.1","2330","-14.9","-26.1","6","16.3","1.4"
"Flaherty, Jack",656427,2025,"R",27.7,"41.8","92.8","2195","-5.2","-15.9","16","16.9","1.5","27.2","84.3","2394","6.5","-36.2","2.4","7.3","1.3","3.1","85.3","1662","-13.2","-30.8","6.7","14.9","1.5","25.9","77.2","2335","13","-55.4","-9.2","16","1.4","2","90.5","2015","-13.9","-25.3","8.1","16.1","1.6",,,,,,,,,,,,,,,,,,,,,,,,,,,,,,,,,,,,,,,,,,,,,,,,,,,,,,,,,"43.8","92.7","2187","-5.6","-16.3","15.6","16.9","1.6","53.1","80.8","2365","9.7","-45.6","-3.3","11.5","4","3.1","85.3","1662","-13.2","-30.8","6.7","14.9","1.5"
"Chivilli, Angel",683409,2025,"R",34.4,"46.2","96.8","2287","-14.4","-20.1","9.1","17.2","1.3","11","90.7","2089","-1.5","-29.3","3.8","4.6","1.6","42.8","88.4","1783","-11.5","-27.7","7.3","13.9","1.2",,,,,,,,,,,,,,,,,,,,,,,,,,,,,,,,,,,,,,,,,,,,,,,,,,,,,,,,,,,,,,,,,,,,,,,,,"46.2","96.8","2287","-14.4","-20.1","9.1","17.2","1.3","11","90.7","2089","-1.5","-29.3","3.8","4.6","1.6","42.8","88.4","1783","-11.5","-27.7","7.3","13.9","1.2"
"Severino, Luis",622663,2025,"R",39.9,"26.1","95.9","2233","-6.9","-13.8","16.2","17.8","1.5","4.3","86.8","2430","6.4","-32.1","4.3","8.5","1.5","5.3","86","1639","-14.4","-31.4","5.8","16.1","1.6",,,,,,,,,"25.4","95.5","2092","-14.1","-18.2","12","18.6","1.5","16.1","92.8","2288","-0.1","-24","7.9","8.3","1.5",,,,,,,,,,,,,,,,,"22.8","85.1","2495","15.1","-35","3","15.8","1.6",,,,,,,,,,,,,,,,,,,,,,,,,"67.6","95","2193","-8","-17.9","12.6","15.8","2","27.1","85.4","2485","13.7","-34.6","3.2","14.7","1.7","5.3","86","1639","-14.4","-31.4","5.8","16.1","1.6"
"Ryan, Joe",657746,2025,"R",23.9,"59","93","2229","-12.5","-18.6","13.3","18.4","1.5","5.8","85.7","2349","1.8","-33.9","3.9","5.2","3.6",,,,,,,,,,,,,,,,,"6.9","92.6","2057","-17","-24.5","7.5","18.7","1.5",,,,,,,,,"13","87.1","1929","-13.9","-37.2","-0.9","14","1.6",,,,,,,,,"15.3","79.9","2792","17.6","-43.6","-0.3","17.8","1.5",,,,,,,,,,,,,,,,,,,,,,,,,"66","92.9","2211","-13","-19.2","12.7","18.4","1.5","21","81.5","2670","13.3","-41","0.9","14.3","3.8","13","87.1","1929","-13.9","-37.2","-0.9","14","1.6"
"Roupp, Landen",694738,2025,"R",25.7,,,,,,,,,,,,,,,,,"11","87.5","1799","-16.8","-37.3","-1.3","17","1.4","42.9","76.6","3017","18.7","-54.4","-7.1","20.2","1","40","93","2130","-18.6","-27.8","4.1","19.1","1.1","6.1","90","2407","-1.7","-26.5","7.3","8.1","1.4",,,,,,,,,,,,,,,,,,,,,,,,,,,,,,,,,,,,,,,,,,,,,,,,,"46.1","92.6","2167","-16.3","-27.6","4.5","17.6","1.6","42.9","76.6","3017","18.7","-54.4","-7.1","20.2","1","11","87.5","1799","-16.8","-37.3","-1.3","17","1.4"
"Corbin, Patrick",571578,2025,"L",37.6,"6.1","91.2","2152","7.4","-17.4","15.8","17.5","1.3","35.6","79.2","2191","-2.4","-43.9","0","2.9","2.4","5.6","78","1027","9.1","-39.3","6.3","11.7","2","1.3","67.5","1853","-2.7","-62.9","-2.2","3.9","1.9","30.4","91","2077","15","-22.4","11","18.7","1.1","21","86.4","2302","-1.6","-31.1","5.6","6","1.3",,,,,,,,,,,,,,,,,,,,,,,,,,,,,,,,,,,,,,,,,,,,,,,,,"57.5","89.4","2167","8.1","-25.1","9.5","13.9","2.7","36.9","78.8","2179","-2.4","-44.5","-0.1","2.9","3.3","5.6","78","1027","9.1","-39.3","6.3","11.7","2"
"Bird, Jake",656234,2025,"R",18.8,,,,,,,,,"40.7","83.8","2695","14.3","-33.3","5.5","15.6","1.4",,,,,,,,,"19.4","80","2908","16.4","-51.9","-9","18.8","1.3","37.5","94.1","2069","-11.1","-30.5","0","11.3","1.1","2.5","92.6","2433","-0.7","-21.6","9.9","10.3","1.5",,,,,,,,,,,,,,,,,,,,,,,,,,,,,,,,,,,,,,,,,,,,,,,,,"40","94","2091","-10.5","-30","0.6","11.2","1.2","60","82.6","2764","15","-39.3","0.8","16.6","2.3",,,,,,,,
"Freeland, Kyle",607536,2025,"L",28.8,"18.6","91.5","2363","7.4","-17.3","15.3","17.1","1.3",,,,,,,,,"9.9","86.1","1544","12.2","-30.4","6.4","14","1.5","18.4","82.8","2384","-3.2","-47.1","-7.3","8.2","1.5","20.7","91.3","2236","14.1","-24.7","8","16.3","1.3","13.2","87.6","2305","0.5","-29","6.6","7.1","1.3",,,,,,,,,,,,,,,,,"19.3","84","2382","-8.8","-41.8","-2.9","9.5","1.3",,,,,,,,,,,,,,,,,,,,,,,,,"52.4","90.4","2298","8.3","-23.2","10.3","14.3","2.2","37.7","83.4","2383","-6.1","-44.4","-5","8.9","1.5","9.9","86.1","1544","12.2","-30.4","6.4","14","1.5"
"Peralta, Freddy",642547,2025,"R",38.8,"58.2","94.8","2444","-4.6","-13.7","16.8","17.6","1.5","6.4","83.9","2538","7.5","-33.9","5.1","10.2","1.5","19.7","89.3","1853","-16.7","-31","3.5","17.2","1.4","15.7","80.3","2419","5.5","-48.6","-6.2","8.4","1.3",,,,,,,,,,,,,,,,,,,,,,,,,,,,,,,,,,,,,,,,,,,,,,,,,,,,,,,,,,,,,,,,,"58.2","94.8","2444","-4.6","-13.7","16.8","17.6","1.5","22.1","81.4","2454","6.1","-44.4","-2.9","8.9","2.2","19.7","89.3","1853","-16.7","-31","3.5","17.2","1.4"
"Sánchez, Cristopher",650911,2025,"L",30.8,,,,,,,,,"15.7","85.8","2072","-1.7","-35.5","1.6","3.2","1.3","35.8","86.4","2031","16.9","-37.8","-0.8","17.1","1.5",,,,,,,,,"48.5","95.6","2139","18.6","-24.8","5.4","19.5","1.4",,,,,,,,,,,,,,,,,,,,,,,,,,,,,,,,,,,,,,,,,,,,,,,,,,,,,,,,,"48.5","95.6","2139","18.6","-24.8","5.4","19.5","1.4","15.7","85.8","2072","-1.7","-35.5","1.6","3.2","1.3","35.8","86.4","2031","16.9","-37.8","-0.8","17.1","1.5"
"Cease, Dylan",656302,2025,"R",50.5,"36","96.8","2538","-4.2","-10.4","19.2","19.7","1.3","48.7","88.9","2735","1","-31","3.8","4.6","1.5","4.1","77.3","1681","-8.5","-28.4","17.9","19.9","2.1","7.2","80.8","2679","4","-58.4","-15.7","16.3","1.7","2.8","95.8","2447","-11.2","-15.6","14.5","18.4","1.4",,,,,,,,,,,,,,,,,,,,,,,,,"1.2","83.1","2833","12.9","-47.1","-6.9","15.1","1.5",,,,,,,,,,,,,,,,,,,,,,,,,"38.8","96.7","2532","-4.7","-10.7","18.8","19.6","1.3","57.1","87.8","2730","1.6","-34.7","1.1","6.3","3.4","4.1","77.3","1681","-8.5","-28.4","17.9","19.9","2.1"
"Montero, Keider",672456,2025,"R",41.1,"30.1","93.4","2187","-4.8","-16.3","15.1","16.1","1.3","24.3","84.1","2711","10.7","-37","1.8","11.1","1.3","12.3","86.4","1905","-15.3","-30.2","6.5","16.8","1.5","10","77.8","2880","13.6","-57.9","-12.1","18.4","1.3","23","93.3","2177","-15.2","-22.2","9.5","18","1.2",,,,,,,,,,,,,,,,,,,,,,,,,"0.2","83.7","2841","28.6","-42.5","-2.8","28.7",,,,,,,,,,,,,,,,,,,,,,,,,,"53.2","93.4","2182","-9.3","-18.8","12.7","16.9","1.2","34.6","82.2","2761","11.7","-43.1","-2.3","13.4","3.1","12.3","86.4","1905","-15.3","-30.2","6.5","16.8","1.5"
"Brown, Ben",676962,2025,"R",45.5,"59.4","95.3","2202","-7","-13","17.3","18.8","1.2",,,,,,,,,"2.3","90.8","1533","-13.1","-23.2","10.2","16.9","1.6","38.3","86.2","2321","3.3","-40.3","-3.5","5.2","1.9",,,,,,,,,,,,,,,,,,,,,,,,,,,,,,,,,,,,,,,,,,,,,,,,,,,,,,,,,,,,,,,,,"59.4","95.3","2202","-7","-13","17.3","18.8","1.2","38.3","86.2","2321","3.3","-40.3","-3.5","5.2","1.9","2.3","90.8","1533","-13.1","-23.2","10.2","16.9","1.6"
"Verlander, Justin",434378,2025,"R",53.4,"49","94.2","2426","-8.7","-12.1","19","21","1.3","24","87.6","2466","4.2","-28.9","6.6","8.3","1.4","8","84.9","1718","-13.2","-28.3","9.8","16.6","1.3","11.5","78.6","2672","7.1","-56.1","-11.6","13.8","1.7",,,,,,,,,,,,,,,,,,,,,,,,,,,,,,,,,"7.5","79.5","2617","12.8","-45.8","-2.4","13.4","1.5",,,,,,,,,,,,,,,,,,,,,,,,,"49","94.2","2426","-8.7","-12.1","19","21","1.3","43","83.8","2547","6.5","-39.1","0.2","10.6","4.8","8","84.9","1718","-13.2","-28.3","9.8","16.6","1.3"
"Dollander, Chase",801403,2025,"R",28.1,"52.3","97.5","2398","-10.9","-15.7","13.1","17.1","1","0.3","86.6","2690","6.9","-36.5","-0.5","6.9","1.4","11.8","89","2071","-15.5","-29.9","4.6","16.3","1.1","18.3","78.9","2785","13.5","-51.6","-7.7","15.6","1.4",,,,,,,,,"17.3","89.1","2528","4.3","-30.1","4.1","6.4","1.3",,,,,,,,,,,,,,,,,,,,,,,,,,,,,,,,,,,,,,,,,,,,,,,,,"69.6","95.4","2431","-7.1","-19.3","10.8","14.4","4","18.6","79","2783","13.4","-51.3","-7.6","15.4","1.7","11.8","89","2071","-15.5","-29.9","4.6","16.3","1.1"
"Alexander, Tyler",641302,2025,"L",34.4,"29.1","90.1","2147","8.3","-18","15.7","17.9","1",,,,,,,,,"12.8","82.6","1531","15.5","-37","3.3","16.2","1",,,,,,,,,"19.6","89.7","2019","16.4","-24.8","9.3","18.9","1.2","28.5","86","2290","-1.6","-27.8","9","9.4","1.2",,,,,,,,,,,,,,,,,"10","79.4","2419","-12.6","-40.6","2.8","13.4","1.5",,,,,,,,,,,,,,,,,,,,,,,,,"77.2","88.5","2168","6.7","-23.3","11.6","15","2.3","10","79.4","2419","-12.6","-40.6","2.8","13.4","1.5","12.8","82.6","1531","15.5","-37","3.3","16.2","1"
"Pivetta, Nick",601713,2025,"R",58.3,"51.4","93.7","2296","-1.9","-11.6","19.8","20","1.4","0.6","82.6","2491","6.8","-37","3.4","8.6","1.5",,,,,,,,,"17.6","79","2793","6.8","-61.2","-16.7","18.2","1.5","2.8","93.3","2281","-9","-12.3","19.5","21.6","1.6","8.3","88.7","2403","6.2","-27.7","7.2","9.9","1.6",,,,,,,,,,,,,,,,,"19.4","82.1","2461","13.1","-37.1","3.7","14.2","1.6",,,,,,,,,,,,,,,,,,,,,,,,,"62.4","93","2310","-1.2","-13.8","18.1","18.7","2.4","37.6","80.6","2616","10","-48.3","-5.8","16","2.2",,,,,,,,
"Lord, Brad",695418,2025,"R",19.8,"53.1","94.9","2267","-15.1","-20.3","10.1","18.3","1.2","19.8","85","2514","1.3","-38.5","-0.8","2.8","1.4","10.2","85.9","1879","-17.4","-33","4.3","18.1","1.4",,,,,,,,,"16.4","94.8","2182","-17.4","-26.4","4","17.9","1.4",,,,,,,,,,,,,,,,,,,,,,,,,,,,,,,,,"0.4","82.3","2683","7.5","-45.2","-5","9","1.4",,,,,,,,,,,,,,,,,"69.6","94.9","2247","-15.7","-21.7","8.6","18.2","1.3","20.2","85","2518","1.4","-38.6","-0.9","2.9","1.5","10.2","85.9","1879","-17.4","-33","4.3","18.1","1.4"
"Bradley, Taj",671737,2025,"R",53,"43","96.2","2329","-6.5","-11.6","17.9","19.2","1.4",,,,,,,,,,,,,,,,,"14","81.5","2563","4.5","-56.8","-15.4","16.2","1.5",,,,,,,,,"19.6","89.6","2214","4.3","-29.5","4.3","6.4","1.4","23.4","91.5","1723","-12.8","-25.2","7.3","15","1.3",,,,,,,,,,,,,,,,,,,,,,,,,,,,,,,,,,,,,,,,,"62.6","94.2","2293","-3.1","-17.2","13.7","15.2","3.6","14","81.5","2563","4.5","-56.8","-15.4","16.2","1.5","23.4","91.5","1723","-12.8","-25.2","7.3","15","1.3"
"Lodolo, Nick",666157,2025,"L",15.2,"30.1","93.3","2280","17.5","-22.4","9.4","19.9","1.1",,,,,,,,,"21.5","87.4","1830","17.2","-34.8","1.2","17.5","1.1","26.9","81.7","2568","-8.9","-41.2","-0.2","9.3","1.4","21.5","93.6","2293","18","-25.8","5.5","18.9","1.1",,,,,,,,,,,,,,,,,,,,,,,,,,,,,,,,,,,,,,,,,,,,,,,,,,,,,,,,,"51.6","93.4","2285","17.7","-23.8","7.8","19.5","1.1","26.9","81.7","2568","-8.9","-41.2","-0.2","9.3","1.4","21.5","87.4","1830","17.2","-34.8","1.2","17.5","1.1"
"Rea, Colin",607067,2025,"R",30.2,"53.5","93.8","2202","-8.4","-16.9","14.2","16.6","1.2","8.8","83.7","2296","5.9","-43.3","-4.4","7.6","1.2",,,,,,,,,"9.1","80.3","2272","11.7","-50.6","-8.1","14.4","1.6","4.8","93.5","2154","-14","-21.7","9.7","17.2","1.4","10.6","87.6","2212","2.5","-28.5","7","7.8","1.6","5.7","87.6","1519","-14.4","-34.9","0.9","14.6","1.4",,,,,,,,,"7.5","81.5","2419","14.4","-40.4","1","14.6","1.3",,,,,,,,,,,,,,,,,,,,,,,,,"68.9","92.8","2200","-7.1","-19","12.8","15.3","2.7","25.4","81.8","2324","10.5","-45.1","-4.1","12.1","2","5.7","87.6","1519","-14.4","-34.9","0.9","14.6","1.4"
"Peterson, David",656849,2025,"L",40.6,"25.2","92.7","2136","5.5","-17.7","14.3","15.5","1.5","17.4","84.6","2349","-2","-39.2","-0.8","2.8","1.4","16.9","84.2","1542","15","-33.6","5.3","16.4","1.7","12.5","78.8","2328","-5.2","-52.1","-7.7","9.5","1.7","28","91.4","2125","15.4","-24.9","8.1","17.5","1.7",,,,,,,,,,,,,,,,,,,,,,,,,,,,,,,,,,,,,,,,,,,,,,,,,,,,,,,,,"53.2","92","2130","10.7","-21.5","11","16.5","1.7","29.9","82.2","2341","-3.3","-44.6","-3.7","5.6","3.3","16.9","84.2","1542","15","-33.6","5.3","16.4","1.7"
"Yarbrough, Ryan",642232,2025,"L",13.8,"7.2","88.1","1921","15","-23.6","12","19.3","1.5",,,,,,,,,"22.1","78.1","1916","17","-47.5","-2.3","17.3","1.2",,,,,,,,,"28.6","87.4","1853","17.8","-30","6","18.9","1.4","18.7","84.1","2077","1","-30","8.7","9","1.5",,,,,,,,,,,,,,,,,"23.4","72.3","2267","-11.4","-45.3","7.4","13.8","1.6",,,,,,,,,,,,,,,,,,,,,,,,,"54.5","86.3","1939","11.7","-29.2","7.7","15.6","2.3","23.4","72.3","2267","-11.4","-45.3","7.4","13.8","1.6","22.1","78.1","1916","17","-47.5","-2.3","17.3","1.2"
"Ober, Bailey",641927,2025,"R",34,"38.8","90.6","2280","-7.8","-16.4","17","18.9","1.1","17.5","83.6","2026","4.5","-33.8","5.1","7.2","1.4","28.3","83.3","2006","-18","-33.6","6","19.1","1.2","4.7","75.6","2114","6.9","-55.5","-7.6","10.5","1.4","2.5","91.1","2125","-14.9","-21.4","11.7","19.1","1.3",,,,,,,,,,,,,,,,,,,,,,,,,"8.1","79.3","2059","12.1","-42.9","1","12.5","1.4",,,,,,,,,,,,,,,,,,,,,,,,,"41.3","90.6","2271","-8.2","-16.7","16.7","18.9","1.1","30.4","81.2","2048","6.9","-39.6","2","9.1","3.4","28.3","83.3","2006","-18","-33.6","6","19.1","1.2"
"Woo, Bryan",693433,2025,"R",27.3,"44.5","95.6","2227","-8","-14.8","15.3","17.4","1","11","88.1","2211","3.6","-30.8","4.4","5.9","1.4","9.3","89.6","1850","-16.3","-28.8","5.5","17.4","1.7",,,,,,,,,"24.2","95.1","2274","-16.1","-24","6.4","17.5","1.2",,,,,,,,,,,,,,,,,,,,,,,,,"11","84.2","2445","12.3","-35.5","3.4","13.1","1.9",,,,,,,,,,,,,,,,,,,,,,,,,"68.7","95.5","2244","-10.9","-18","12.1","17.4","1.1","22","86.1","2328","7.9","-33.1","3.9","9.5","2.6","9.3","89.6","1850","-16.3","-28.8","5.5","17.4","1.7"